ID,label
0,1
1,4
2,11
3,9
4,7
5,2
6,7
7,2
8,9
9,9
10,2
11,10
12,3
13,1
14,1
15,3
16,9
17,9
18,4
19,9
20,11
21,7
22,8
23,2
24,8
25,4
26,4
27,1
28,2
29,1
30,7
31,2
32,3
33,2
34,8
35,1
36,10
37,8
38,4
39,7
40,9
41,2
42,5
43,11
44,8
45,9
46,3
47,11
48,4
49,4
50,10
51,4
52,3
53,1
54,7
55,5
56,10
57,6
58,4
59,7
60,6
61,11
62,1
63,3
64,4
65,1
66,8
67,3
68,2
69,11
70,8
71,1
72,11
73,3
74,1
75,8
76,3
77,2
78,8
79,9
80,9
81,2
82,10
83,1
84,8
85,7
86,8
87,8
88,9
89,10
90,8
91,7
92,3
93,4
94,2
95,2
96,7
97,2
98,8
99,9
100,3
101,10
102,7
103,7
104,7
105,9
106,2
107,8
108,3
109,6
110,3
111,1
112,2
113,3
114,4
115,10
116,9
117,7
118,9
119,8
120,6
121,10
122,8
123,1
124,4
125,1
126,2
127,10
128,8
129,3
130,9
131,4
132,4
133,6
134,9
135,8
136,9
137,4
138,7
139,10
140,8
141,3
142,4
143,10
144,8
145,10
146,10
147,9
148,7
149,10
150,2
151,7
152,6
153,7
154,3
155,3
156,3
157,1
158,11
159,11
160,8
161,3
162,9
163,8
164,3
165,9
166,10
167,7
168,11
169,4
170,2
171,10
172,1
173,2
174,6
175,10
176,2
177,2
178,8
179,2
180,2
181,11
182,10
183,1
184,11
185,2
186,1
187,4
188,11
189,1
190,2
191,9
192,10
193,1
194,10
195,10
196,8
197,3
198,1
199,8
200,2
201,1
202,1
203,1
204,7
205,11
206,2
207,9
208,9
209,8
210,9
211,1
212,7
213,3
214,1
215,11
216,3
217,8
218,11
219,8
220,2
221,6
222,8
223,10
224,10
225,11
226,10
227,2
228,9
229,1
230,10
231,4
232,2
233,8
234,10
235,1
236,1
237,1
238,8
239,3
240,1
241,7
242,2
243,10
244,3
245,2
246,4
247,9
248,3
249,2
250,9
251,6
252,7
253,11
254,7
255,9
256,1
257,10
258,11
259,4
260,8
261,9
262,11
263,1
264,7
265,6
266,10
267,1
268,10
269,10
270,9
271,11
272,9
273,11
274,2
275,7
276,7
277,2
278,7
279,1
280,1
281,8
282,1
283,4
284,10
285,1
286,11
287,1
288,9
289,2
290,7
291,8
292,3
293,8
294,9
295,3
296,4
297,2
298,10
299,10
300,8
301,9
302,10
303,7
304,1
305,7
306,2
307,1
308,2
309,8
310,11
311,4
312,7
313,8
314,4
315,2
316,10
317,10
318,3
319,2
320,2
321,1
322,8
323,3
324,8
325,9
326,8
327,11
328,2
329,2
330,4
331,6
332,9
333,8
334,9
335,11
336,2
337,7
338,7
339,7
340,8
341,1
342,10
343,10
344,1
345,1
346,11
347,8
348,9
349,11
350,2
351,2
352,3
353,9
354,1
355,1
356,1
357,9
358,9
359,3
360,6
361,7
362,5
363,7
364,2
365,4
366,8
367,10
368,3
369,9
370,2
371,1
372,9
373,2
374,6
375,4
376,9
377,2
378,10
379,10
380,7
381,1
382,1
383,3
384,10
385,3
386,2
387,9
388,2
389,3
390,1
391,1
392,10
393,3
394,1
395,3
396,4
397,11
398,7
399,2
400,2
401,10
402,3
403,11
404,2
405,3
406,3
407,8
408,2
409,10
410,10
411,4
412,4
413,1
414,2
415,2
416,7
417,10
418,8
419,1
420,10
421,6
422,2
423,2
424,10
425,1
426,8
427,9
428,2
429,2
430,10
431,9
432,8
433,3
434,9
435,8
436,1
437,2
438,1
439,4
440,8
441,10
442,1
443,11
444,7
445,9
446,4
447,1
448,2
449,6
450,2
451,6
452,4
453,10
454,2
455,1
456,3
457,2
458,8
459,9
460,4
461,10
462,7
463,3
464,7
465,4
466,1
467,1
468,3
469,8
470,1
471,1
472,11
473,1
474,6
475,3
476,10
477,2
478,8
479,1
480,9
481,4
482,3
483,2
484,8
485,9
486,2
487,2
488,1
489,1
490,8
491,7
492,3
493,2
494,2
495,9
496,3
497,1
498,9
499,6
500,2
501,10
502,1
503,1
504,11
505,7
506,3
507,7
508,2
509,9
510,2
511,9
512,9
513,3
514,9
515,4
516,8
517,11
518,6
519,1
520,7
521,9
522,3
523,7
524,4
525,10
526,8
527,1
528,11
529,11
530,1
531,2
532,9
533,3
534,10
535,2
536,2
537,9
538,11
539,11
540,10
541,9
542,11
543,3
544,9
545,7
546,2
547,2
548,9
549,8
550,10
551,3
552,2
553,9
554,3
555,7
556,7
557,3
558,1
559,7
560,8
561,1
562,4
563,11
564,10
565,4
566,10
567,9
568,9
569,4
570,8
571,10
572,8
573,8
574,11
575,8
576,10
577,1
578,2
579,9
580,1
581,4
582,7
583,8
584,2
585,2
586,8
587,7
588,2
589,10
590,11
591,10
592,7
593,3
594,8
595,3
596,3
597,10
598,10
599,3
600,9
601,9
602,3
603,9
604,4
605,2
606,7
607,9
608,11
609,6
610,10
611,1
612,9
613,7
614,10
615,9
616,8
617,9
618,2
619,2
620,11
621,1
622,3
623,10
624,11
625,2
626,1
627,3
628,8
629,7
630,9
631,7
632,4
633,10
634,3
635,2
636,9
637,1
638,1
639,1
640,10
641,8
642,7
643,7
644,2
645,3
646,2
647,1
648,1
649,9
650,10
651,2
652,7
653,7
654,3
655,3
656,1
657,10
658,10
659,9
660,7
661,9
662,10
663,8
664,9
665,11
666,9
667,2
668,8
669,4
670,8
671,9
672,11
673,9
674,2
675,1
676,11
677,10
678,4
679,7
680,8
681,9
682,9
683,2
684,1
685,8
686,11
687,7
688,2
689,8
690,3
691,4
692,2
693,11
694,9
695,1
696,6
697,3
698,2
699,9
700,11
701,1
702,2
703,10
704,8
705,8
706,9
707,4
708,1
709,7
710,6
711,8
712,3
713,1
714,1
715,3
716,1
717,4
718,2
719,11
720,9
721,2
722,9
723,1
724,1
725,5
726,11
727,1
728,10
729,3
730,2
731,8
732,3
733,7
734,1
735,10
736,8
737,3
738,10
739,9
740,1
741,9
742,8
743,2
744,7
745,3
746,3
747,10
748,6
749,6
750,9
751,4
752,4
753,1
754,11
755,8
756,7
757,8
758,2
759,1
760,4
761,2
762,11
763,9
764,9
765,9
766,10
767,2
768,2
769,6
770,9
771,8
772,3
773,3
774,2
775,2
776,7
777,4
778,3
779,2
780,2
781,2
782,10
783,7
784,9
785,7
786,2
787,2
788,6
789,4
790,1
791,9
792,9
793,7
794,5
795,8
796,11
797,10
798,1
799,10
800,1
801,1
802,8
803,7
804,9
805,2
806,9
807,7
808,6
809,7
810,8
811,7
812,10
813,4
814,2
815,7
816,10
817,1
818,11
819,2
820,10
821,11
822,7
823,1
824,8
825,1
826,9
827,8
828,9
829,7
830,2
831,7
832,1
833,9
834,7
835,3
836,10
837,2
838,4
839,7
840,4
841,7
842,4
843,11
844,7
845,9
846,1
847,7
848,1
849,9
850,8
851,8
852,8
853,6
854,7
855,1
856,7
857,2
858,7
859,10
860,8
861,8
862,10
863,7
864,2
865,7
866,9
867,8
868,2
869,1
870,2
871,10
872,7
873,3
874,8
875,3
876,4
877,8
878,3
879,10
880,10
881,11
882,7
883,9
884,10
885,1
886,1
887,1
888,6
889,3
890,1
891,11
892,1
893,11
894,9
895,10
896,8
897,4
898,10
899,8
900,2
901,4
902,1
903,10
904,7
905,1
906,2
907,3
908,7
909,1
910,7
911,1
912,8
913,11
914,7
915,3
916,3
917,4
918,2
919,3
920,8
921,4
922,2
923,7
924,1
925,1
926,8
927,3
928,3
929,6
930,7
931,7
932,2
933,7
934,11
935,1
936,1
937,2
938,6
939,7
940,4
941,3
942,3
943,7
944,1
945,1
946,7
947,3
948,8
949,7
950,11
951,3
952,10
953,7
954,9
955,7
956,7
957,10
958,2
959,2
960,3
961,7
962,7
963,7
964,8
965,11
966,8
967,10
968,8
969,3
970,2
971,9
972,10
973,4
974,11
975,11
976,7
977,1
978,7
979,10
980,11
981,3
982,2
983,9
984,8
985,1
986,9
987,3
988,3
989,11
990,9
991,8
992,7
993,4
994,3
995,8
996,6
997,4
998,9
999,3
1000,2
1001,3
1002,9
1003,11
1004,11
1005,7
1006,10
1007,8
1008,1
1009,1
1010,10
1011,10
1012,11
1013,10
1014,2
1015,10
1016,1
1017,7
1018,2
1019,2
1020,1
1021,3
1022,4
1023,8
1024,11
1025,11
1026,9
1027,7
1028,2
1029,4
1030,9
1031,5
1032,2
1033,11
1034,7
1035,1
1036,3
1037,10
1038,1
1039,8
1040,10
1041,10
1042,8
1043,7
1044,2
1045,11
1046,10
1047,2
1048,2
1049,11
1050,1
1051,7
1052,3
1053,10
1054,9
1055,9
1056,3
1057,10
1058,7
1059,9
1060,1
1061,2
1062,10
1063,2
1064,1
1065,1
1066,8
1067,1
1068,5
1069,3
1070,7
1071,1
1072,8
1073,7
1074,1
1075,10
1076,9
1077,4
1078,8
1079,3
1080,9
1081,4
1082,9
1083,1
1084,2
1085,10
1086,10
1087,1
1088,2
1089,3
1090,1
1091,1
1092,10
1093,3
1094,9
1095,2
1096,8
1097,8
1098,10
1099,1
1100,2
1101,3
1102,8
1103,10
1104,2
1105,5
1106,9
1107,8
1108,2
1109,9
1110,7
1111,6
1112,4
1113,2
1114,9
1115,2
1116,10
1117,2
1118,9
1119,6
1120,4
1121,4
1122,1
1123,2
1124,7
1125,8
1126,6
1127,1
1128,8
1129,11
1130,3
1131,2
1132,2
1133,1
1134,9
1135,9
1136,1
1137,7
1138,2
1139,1
1140,1
1141,2
1142,1
1143,10
1144,8
1145,10
1146,2
1147,3
1148,2
1149,4
1150,1
1151,10
1152,10
1153,10
1154,9
1155,10
1156,7
1157,2
1158,7
1159,2
1160,2
1161,2
1162,5
1163,6
1164,6
1165,8
1166,11
1167,3
1168,8
1169,1
1170,9
1171,10
1172,2
1173,8
1174,6
1175,9
1176,8
1177,4
1178,11
1179,6
1180,2
1181,4
1182,7
1183,10
1184,6
1185,5
1186,2
1187,7
1188,3
1189,3
1190,9
1191,10
1192,1
1193,9
1194,7
1195,9
1196,9
1197,2
1198,3
1199,7
1200,11
1201,2
1202,7
1203,7
1204,1
1205,1
1206,3
1207,8
1208,9
1209,10
1210,1
1211,7
1212,7
1213,9
1214,1
1215,4
1216,1
1217,10
1218,8
1219,3
1220,2
1221,9
1222,2
1223,8
1224,1
1225,7
1226,7
1227,9
1228,9
1229,7
1230,10
1231,9
1232,8
1233,9
1234,1
1235,6
1236,8
1237,9
1238,10
1239,1
1240,11
1241,8
1242,8
1243,8
1244,9
1245,3
1246,1
1247,3
1248,10
1249,4
1250,1
1251,8
1252,7
1253,3
1254,11
1255,8
1256,2
1257,7
1258,2
1259,9
1260,2
1261,1
1262,10
1263,8
1264,7
1265,8
1266,11
1267,6
1268,4
1269,2
1270,10
1271,8
1272,10
1273,8
1274,11
1275,8
1276,1
1277,2
1278,7
1279,8
1280,8
1281,9
1282,11
1283,7
1284,1
1285,3
1286,8
1287,7
1288,1
1289,10
1290,2
1291,11
1292,1
1293,1
1294,9
1295,3
1296,3
1297,1
1298,2
1299,8
1300,8
1301,10
1302,9
1303,1
1304,2
1305,3
1306,8
1307,8
1308,11
1309,8
1310,2
1311,2
1312,9
1313,4
1314,1
1315,4
1316,7
1317,7
1318,2
1319,6
1320,8
1321,3
1322,3
1323,10
1324,4
1325,11
1326,2
1327,8
1328,7
1329,3
1330,11
1331,10
1332,1
1333,2
1334,3
1335,3
1336,10
1337,2
1338,7
1339,1
1340,3
1341,7
1342,4
1343,4
1344,7
1345,1
1346,10
1347,2
1348,10
1349,8
1350,4
1351,11
1352,4
1353,9
1354,2
1355,1
1356,1
1357,2
1358,7
1359,4
1360,6
1361,3
1362,2
1363,1
1364,10
1365,3
1366,11
1367,2
1368,3
1369,4
1370,9
1371,9
1372,11
1373,1
1374,3
1375,2
1376,7
1377,9
1378,2
1379,1
1380,3
1381,1
1382,11
1383,1
1384,2
1385,8
1386,1
1387,4
1388,9
1389,11
1390,1
1391,10
1392,9
1393,1
1394,8
1395,8
1396,2
1397,10
1398,11
1399,10
1400,8
1401,3
1402,1
1403,3
1404,8
1405,8
1406,10
1407,9
1408,2
1409,7
1410,2
1411,1
1412,4
1413,3
1414,4
1415,8
1416,8
1417,10
1418,2
1419,2
1420,6
1421,3
1422,1
1423,1
1424,7
1425,10
1426,9
1427,9
1428,2
1429,2
1430,9
1431,2
1432,1
1433,2
1434,11
1435,1
1436,8
1437,4
1438,11
1439,3
1440,2
1441,4
1442,1
1443,8
1444,9
1445,3
1446,8
1447,2
1448,3
1449,3
1450,3
1451,6
1452,9
1453,7
1454,2
1455,1
1456,7
1457,2
1458,4
1459,3
1460,11
1461,3
1462,7
1463,3
1464,1
1465,4
1466,8
1467,8
1468,3
1469,8
1470,1
1471,10
1472,6
1473,1
1474,1
1475,8
1476,10
1477,8
1478,8
1479,11
1480,3
1481,4
1482,10
1483,1
1484,2
1485,11
1486,10
1487,2
1488,1
1489,3
1490,3
1491,10
1492,6
1493,7
1494,1
1495,10
1496,7
1497,7
1498,1
1499,8
1500,6
1501,2
1502,1
1503,1
1504,1
1505,7
1506,2
1507,8
1508,9
1509,10
1510,8
1511,8
1512,1
1513,2
1514,10
1515,8
1516,1
1517,1
1518,1
1519,8
1520,7
1521,11
1522,10
1523,1
1524,1
1525,7
1526,2
1527,9
1528,11
1529,1
1530,9
1531,7
1532,1
1533,2
1534,3
1535,9
1536,10
1537,2
1538,10
1539,8
1540,8
1541,3
1542,3
1543,10
1544,2
1545,2
1546,3
1547,9
1548,4
1549,8
1550,10
1551,3
1552,8
1553,10
1554,2
1555,3
1556,2
1557,2
1558,2
1559,4
1560,9
1561,9
1562,9
1563,5
1564,6
1565,8
1566,8
1567,11
1568,11
1569,3
1570,3
1571,2
1572,7
1573,2
1574,8
1575,4
1576,9
1577,3
1578,11
1579,4
1580,3
1581,10
1582,8
1583,7
1584,2
1585,3
1586,6
1587,1
1588,11
1589,1
1590,8
1591,4
1592,3
1593,3
1594,4
1595,10
1596,11
1597,3
1598,10
1599,10
1600,3
1601,1
1602,10
1603,11
1604,10
1605,2
1606,9
1607,8
1608,8
1609,3
1610,2
1611,10
1612,1
1613,9
1614,9
1615,1
1616,2
1617,2
1618,11
1619,2
1620,8
1621,2
1622,11
1623,1
1624,2
1625,1
1626,3
1627,10
1628,8
1629,2
1630,9
1631,11
1632,1
1633,1
1634,8
1635,2
1636,2
1637,6
1638,2
1639,1
1640,9
1641,7
1642,11
1643,5
1644,8
1645,8
1646,2
1647,1
1648,7
1649,2
1650,8
1651,8
1652,7
1653,3
1654,1
1655,7
1656,8
1657,10
1658,11
1659,4
1660,4
1661,1
1662,10
1663,2
1664,7
1665,1
1666,9
1667,9
1668,4
1669,2
1670,5
1671,8
1672,9
1673,8
1674,2
1675,11
1676,9
1677,2
1678,4
1679,2
1680,8
1681,6
1682,11
1683,1
1684,4
1685,9
1686,9
1687,8
1688,8
1689,11
1690,7
1691,3
1692,2
1693,10
1694,11
1695,9
1696,10
1697,4
1698,3
1699,11
1700,8
1701,8
1702,7
1703,8
1704,8
1705,10
1706,7
1707,9
1708,2
1709,8
1710,4
1711,3
1712,8
1713,7
1714,3
1715,3
1716,3
1717,7
1718,4
1719,1
1720,3
1721,8
1722,7
1723,8
1724,7
1725,3
1726,8
1727,9
1728,3
1729,1
1730,8
1731,2
1732,10
1733,2
1734,7
1735,3
1736,2
1737,9
1738,8
1739,4
1740,2
1741,10
1742,11
1743,1
1744,11
1745,8
1746,3
1747,3
1748,3
1749,2
1750,4
1751,9
1752,2
1753,10
1754,7
1755,2
1756,7
1757,6
1758,9
1759,4
1760,5
1761,6
1762,1
1763,2
1764,2
1765,7
1766,8
1767,9
1768,3
1769,1
1770,9
1771,3
1772,1
1773,3
1774,7
1775,9
1776,8
1777,3
1778,2
1779,2
1780,8
1781,3
1782,9
1783,8
1784,11
1785,2
1786,1
1787,9
1788,10
1789,10
1790,9
1791,7
1792,10
1793,3
1794,2
1795,9
1796,8
1797,11
1798,6
1799,8
1800,2
1801,2
1802,8
1803,4
1804,11
1805,9
1806,7
1807,2
1808,2
1809,2
1810,9
1811,11
1812,1
1813,10
1814,10
1815,2
1816,2
1817,1
1818,3
1819,10
1820,2
1821,8
1822,7
1823,4
1824,1
1825,10
1826,8
1827,7
1828,10
1829,3
1830,1
1831,9
1832,3
1833,6
1834,2
1835,9
1836,8
1837,3
1838,3
1839,3
1840,8
1841,1
1842,8
1843,3
1844,7
1845,8
1846,4
1847,7
1848,7
1849,4
1850,11
1851,4
1852,1
1853,10
1854,7
1855,10
1856,4
1857,6
1858,10
1859,9
1860,8
1861,10
1862,9
1863,8
1864,4
1865,2
1866,2
1867,1
1868,10
1869,2
1870,10
1871,9
1872,2
1873,8
1874,7
1875,9
1876,7
1877,2
1878,9
1879,8
1880,1
1881,11
1882,8
1883,1
1884,3
1885,3
1886,8
1887,3
1888,3
1889,1
1890,1
1891,9
1892,2
1893,2
1894,7
1895,11
1896,4
1897,8
1898,1
1899,8
1900,7
1901,2
1902,10
1903,7
1904,10
1905,7
1906,7
1907,2
1908,9
1909,1
1910,9
1911,3
1912,7
1913,11
1914,5
1915,2
1916,1
1917,9
1918,4
1919,9
1920,4
1921,2
1922,9
1923,8
1924,7
1925,3
1926,10
1927,10
1928,1
1929,1
1930,11
1931,3
1932,9
1933,10
1934,4
1935,11
1936,4
1937,2
1938,1
1939,3
1940,10
1941,2
1942,7
1943,11
1944,1
1945,9
1946,8
1947,2
1948,10
1949,7
1950,2
1951,1
1952,6
1953,2
1954,11
1955,1
1956,9
1957,7
1958,10
1959,7
1960,8
1961,10
1962,2
1963,11
1964,1
1965,3
1966,11
1967,1
1968,8
1969,9
1970,7
1971,1
1972,10
1973,1
1974,3
1975,3
1976,4
1977,7
1978,7
1979,2
1980,1
1981,2
1982,7
1983,11
1984,2
1985,3
1986,4
1987,7
1988,2
1989,10
1990,6
1991,10
1992,10
1993,10
1994,9
1995,10
1996,7
1997,4
1998,1
1999,10
2000,2
2001,2
2002,1
2003,2
2004,2
2005,4
2006,2
2007,9
2008,1
2009,6
2010,9
2011,1
2012,7
2013,11
2014,7
2015,4
2016,1
2017,6
2018,3
2019,3
2020,2
2021,8
2022,2
2023,2
2024,9
2025,2
2026,10
2027,2
2028,9
2029,1
2030,4
2031,1
2032,7
2033,9
2034,3
2035,2
2036,10
2037,2
2038,7
2039,9
2040,2
2041,3
2042,9
2043,9
2044,8
2045,8
2046,9
2047,9
2048,9
2049,9
2050,2
2051,7
2052,7
2053,9
2054,7
2055,2
2056,7
2057,4
2058,3
2059,7
2060,2
2061,7
2062,9
2063,9
2064,11
2065,11
2066,3
2067,2
2068,10
2069,11
2070,2
2071,9
2072,3
2073,1
2074,3
2075,10
2076,4
2077,7
2078,3
2079,1
2080,8
2081,2
2082,7
2083,7
2084,9
2085,2
2086,8
2087,10
2088,8
2089,8
2090,7
2091,3
2092,3
2093,8
2094,3
2095,9
2096,10
2097,4
2098,7
2099,6
2100,6
2101,8
2102,9
2103,2
2104,2
2105,6
2106,7
2107,3
2108,2
2109,10
2110,9
2111,7
2112,7
2113,11
2114,9
2115,10
2116,8
2117,11
2118,8
2119,8
2120,1
2121,2
2122,2
2123,2
2124,3
2125,9
2126,3
2127,9
2128,8
2129,4
2130,6
2131,6
2132,7
2133,2
2134,9
2135,4
2136,7
2137,1
2138,9
2139,7
2140,3
2141,3
2142,4
2143,1
2144,1
2145,2
2146,11
2147,4
2148,1
2149,8
2150,2
2151,11
2152,2
2153,6
2154,6
2155,2
2156,11
2157,10
2158,1
2159,9
2160,3
2161,4
2162,7
2163,6
2164,7
2165,2
2166,1
2167,7
2168,1
2169,8
2170,9
2171,2
2172,3
2173,10
2174,9
2175,8
2176,3
2177,11
2178,4
2179,8
2180,3
2181,11
2182,11
2183,8
2184,2
2185,9
2186,1
2187,2
2188,4
2189,7
2190,1
2191,9
2192,7
2193,10
2194,3
2195,10
2196,9
2197,11
2198,8
2199,9
2200,1
2201,2
2202,1
2203,10
2204,10
2205,9
2206,1
2207,3
2208,1
2209,10
2210,9
2211,10
2212,7
2213,8
2214,9
2215,10
2216,1
2217,8
2218,7
2219,11
2220,11
2221,6
2222,6
2223,10
2224,2
2225,1
2226,10
2227,10
2228,3
2229,1
2230,6
2231,1
2232,9
2233,8
2234,6
2235,10
2236,10
2237,1
2238,3
2239,9
2240,1
2241,11
2242,3
2243,2
2244,2
2245,9
2246,3
2247,1
2248,10
2249,7
2250,1
2251,2
2252,7
2253,2
2254,7
2255,4
2256,7
2257,7
2258,8
2259,8
2260,11
2261,2
2262,9
2263,8
2264,3
2265,8
2266,1
2267,8
2268,8
2269,8
2270,1
2271,7
2272,8
2273,2
2274,7
2275,2
2276,9
2277,2
2278,11
2279,10
2280,10
2281,11
2282,2
2283,2
2284,3
2285,7
2286,11
2287,1
2288,3
2289,2
2290,6
2291,8
2292,1
2293,4
2294,7
2295,2
2296,9
2297,3
2298,1
2299,8
2300,10
2301,3
2302,10
2303,3
2304,3
2305,8
2306,3
2307,3
2308,1
2309,2
2310,6
2311,2
2312,9
2313,9
2314,9
2315,1
2316,8
2317,3
2318,1
2319,1
2320,7
2321,2
2322,1
2323,1
2324,2
2325,2
2326,2
2327,9
2328,7
2329,9
2330,2
2331,8
2332,2
2333,9
2334,2
2335,9
2336,9
2337,3
2338,1
2339,2
2340,2
2341,10
2342,8
2343,11
2344,3
2345,11
2346,3
2347,11
2348,9
2349,1
2350,2
2351,10
2352,8
2353,4
2354,8
2355,4
2356,2
2357,7
2358,9
2359,8
2360,9
2361,10
2362,1
2363,3
2364,9
2365,11
2366,8
2367,11
2368,10
2369,7
2370,11
2371,1
2372,9
2373,11
2374,1
2375,10
2376,9
2377,2
2378,10
2379,7
2380,8
2381,9
2382,1
2383,7
2384,8
2385,7
2386,11
2387,1
2388,9
2389,3
2390,8
2391,3
2392,9
2393,2
2394,11
2395,6
2396,9
2397,7
2398,11
2399,11
2400,9
2401,1
2402,7
2403,2
2404,4
2405,9
2406,1
2407,7
2408,11
2409,9
2410,11
2411,10
2412,9
2413,4
2414,9
2415,8
2416,1
2417,7
2418,4
2419,1
2420,2
2421,1
2422,2
2423,3
2424,10
2425,7
2426,8
2427,7
2428,7
2429,8
2430,2
2431,9
2432,7
2433,7
2434,6
2435,2
2436,7
2437,9
2438,3
2439,5
2440,9
2441,2
2442,10
2443,8
2444,11
2445,8
2446,4
2447,9
2448,8
2449,4
2450,11
2451,2
2452,7
2453,9
2454,2
2455,1
2456,3
2457,3
2458,2
2459,8
2460,3
2461,9
2462,7
2463,2
2464,11
2465,2
2466,9
2467,3
2468,1
2469,2
2470,10
2471,6
2472,10
2473,2
2474,1
2475,7
2476,11
2477,1
2478,8
2479,9
2480,2
2481,8
2482,8
2483,1
2484,8
2485,2
2486,9
2487,2
2488,1
2489,2
2490,2
2491,8
2492,3
2493,3
2494,2
2495,7
2496,6
2497,1
2498,8
2499,3
2500,10
2501,2
2502,2
2503,2
2504,2
2505,7
2506,8
2507,9
2508,2
2509,4
2510,2
2511,10
2512,2
2513,1
2514,7
2515,4
2516,7
2517,10
2518,1
2519,7
2520,8
2521,2
2522,2
2523,10
2524,9
2525,2
2526,1
2527,9
2528,8
2529,8
2530,7
2531,9
2532,11
2533,1
2534,7
2535,3
2536,3
2537,7
2538,3
2539,2
2540,2
2541,2
2542,1
2543,2
2544,7
2545,2
2546,9
2547,7
2548,11
2549,1
2550,1
2551,11
2552,1
2553,11
2554,8
2555,11
2556,7
2557,2
2558,10
2559,4
2560,7
2561,3
2562,2
2563,7
2564,1
2565,2
2566,7
2567,7
2568,6
2569,11
2570,8
2571,8
2572,1
2573,8
2574,4
2575,7
2576,9
2577,1
2578,11
2579,9
2580,4
2581,1
2582,8
2583,1
2584,4
2585,2
2586,8
2587,11
2588,9
2589,2
2590,10
2591,2
2592,1
2593,3
2594,2
2595,8
2596,9
2597,10
2598,7
2599,8
2600,4
2601,11
2602,1
2603,2
2604,9
2605,9
2606,11
2607,2
2608,8
2609,11
2610,2
2611,6
2612,7
2613,8
2614,9
2615,1
2616,10
2617,9
2618,2
2619,3
2620,8
2621,10
2622,9
2623,8
2624,9
2625,4
2626,1
2627,6
2628,9
2629,10
2630,10
2631,10
2632,2
2633,4
2634,1
2635,9
2636,2
2637,8
2638,7
2639,3
2640,2
2641,10
2642,10
2643,10
2644,9
2645,7
2646,1
2647,2
2648,6
2649,1
2650,11
2651,7
2652,7
2653,8
2654,10
2655,9
2656,2
2657,1
2658,11
2659,7
2660,2
2661,3
2662,1
2663,2
2664,9
2665,2
2666,2
2667,10
2668,1
2669,9
2670,11
2671,2
2672,8
2673,10
2674,9
2675,1
2676,10
2677,11
2678,7
2679,4
2680,2
2681,7
2682,7
2683,4
2684,6
2685,3
2686,3
2687,10
2688,9
2689,10
2690,2
2691,4
2692,1
2693,10
2694,6
2695,2
2696,3
2697,7
2698,11
2699,8
2700,9
2701,10
2702,3
2703,9
2704,1
2705,11
2706,6
2707,6
2708,9
2709,2
2710,3
2711,11
2712,2
2713,1
2714,7
2715,9
2716,2
2717,11
2718,8
2719,9
2720,3
2721,1
2722,2
2723,3
2724,3
2725,8
2726,10
2727,8
2728,3
2729,10
2730,4
2731,1
2732,8
2733,8
2734,10
2735,7
2736,7
2737,2
2738,7
2739,2
2740,9
2741,3
2742,10
2743,9
2744,1
2745,2
2746,10
2747,2
2748,9
2749,9
2750,9
2751,1
2752,1
2753,1
2754,11
2755,8
2756,11
2757,2
2758,3
2759,7
2760,4
2761,1
2762,4
2763,7
2764,8
2765,2
2766,2
2767,2
2768,3
2769,11
2770,2
2771,10
2772,2
2773,11
2774,1
2775,1
2776,1
2777,7
2778,2
2779,10
2780,1
2781,11
2782,3
2783,8
2784,11
2785,3
2786,1
2787,6
2788,3
2789,8
2790,8
2791,9
2792,9
2793,1
2794,3
2795,1
2796,9
2797,9
2798,3
2799,11
2800,1
2801,4
2802,1
2803,6
2804,1
2805,3
2806,10
2807,10
2808,1
2809,11
2810,1
2811,9
2812,3
2813,1
2814,7
2815,10
2816,11
2817,7
2818,3
2819,9
2820,1
2821,3
2822,7
2823,1
2824,11
2825,7
2826,1
2827,10
2828,10
2829,7
2830,9
2831,4
2832,2
2833,11
2834,2
2835,10
2836,1
2837,9
2838,1
2839,3
2840,8
2841,7
2842,6
2843,10
2844,3
2845,10
2846,10
2847,3
2848,3
2849,9
2850,8
2851,11
2852,3
2853,3
2854,8
2855,7
2856,1
2857,3
2858,1
2859,9
2860,10
2861,9
2862,8
2863,9
2864,10
2865,11
2866,7
2867,3
2868,7
2869,4
2870,3
2871,7
2872,2
2873,3
2874,3
2875,3
2876,2
2877,3
2878,9
2879,9
2880,11
2881,3
2882,3
2883,7
2884,1
2885,2
2886,11
2887,10
2888,4
2889,1
2890,11
2891,6
2892,8
2893,1
2894,2
2895,1
2896,9
2897,3
2898,1
2899,7
2900,10
2901,3
2902,9
2903,1
2904,6
2905,9
2906,11
2907,9
2908,7
2909,2
2910,2
2911,1
2912,7
2913,1
2914,1
2915,9
2916,3
2917,10
2918,3
2919,8
2920,4
2921,9
2922,8
2923,10
2924,10
2925,10
2926,1
2927,1
2928,8
2929,7
2930,2
2931,7
2932,9
2933,8
2934,10
2935,9
2936,1
2937,10
2938,8
2939,10
2940,1
2941,10
2942,7
2943,2
2944,11
2945,9
2946,9
2947,8
2948,1
2949,7
2950,6
2951,7
2952,1
2953,3
2954,1
2955,11
2956,11
2957,9
2958,4
2959,10
2960,10
2961,2
2962,10
2963,3
2964,3
2965,11
2966,4
2967,1
2968,8
2969,3
2970,8
2971,3
2972,10
2973,1
2974,1
2975,9
2976,7
2977,1
2978,9
2979,1
2980,8
2981,3
2982,8
2983,4
2984,9
2985,2
2986,7
2987,9
2988,7
2989,3
2990,9
2991,8
2992,11
2993,3
2994,7
2995,3
2996,7
2997,9
2998,2
2999,9
3000,10
3001,10
3002,1
3003,6
3004,1
3005,2
3006,1
3007,7
3008,10
3009,4
3010,8
3011,7
3012,4
3013,7
3014,8
3015,2
3016,3
3017,10
3018,3
3019,3
3020,2
3021,2
3022,2
3023,3
3024,7
3025,1
3026,2
3027,2
3028,7
3029,2
3030,4
3031,4
3032,2
3033,1
3034,1
3035,3
3036,4
3037,4
3038,8
3039,4
3040,3
3041,9
3042,6
3043,9
3044,7
3045,3
3046,1
3047,10
3048,3
3049,9
3050,2
3051,11
3052,1
3053,4
3054,2
3055,1
3056,10
3057,4
3058,8
3059,9
3060,4
3061,10
3062,10
3063,1
3064,1
3065,11
3066,11
3067,9
3068,3
3069,10
3070,11
3071,2
3072,2
3073,2
3074,8
3075,8
3076,7
3077,2
3078,10
3079,3
3080,7
3081,1
3082,7
3083,8
3084,8
3085,10
3086,2
3087,6
3088,9
3089,2
3090,8
3091,3
3092,8
3093,8
3094,9
3095,10
3096,3
3097,8
3098,2
3099,10
3100,9
3101,3
3102,5
3103,10
3104,9
3105,3
3106,1
3107,10
3108,4
3109,4
3110,10
3111,7
3112,11
3113,2
3114,7
3115,2
3116,7
3117,3
3118,3
3119,1
3120,11
3121,11
3122,7
3123,5
3124,1
3125,7
3126,2
3127,4
3128,8
3129,4
3130,4
3131,7
3132,11
3133,2
3134,3
3135,1
3136,6
3137,8
3138,3
3139,7
3140,11
3141,8
3142,2
3143,1
3144,2
3145,3
3146,7
3147,8
3148,1
3149,8
3150,3
3151,10
3152,9
3153,10
3154,11
3155,1
3156,10
3157,10
3158,2
3159,8
3160,11
3161,3
3162,4
3163,1
3164,7
3165,7
3166,4
3167,3
3168,9
3169,8
3170,8
3171,6
3172,7
3173,4
3174,1
3175,7
3176,2
3177,9
3178,3
3179,2
3180,1
3181,2
3182,3
3183,10
3184,11
3185,9
3186,7
3187,4
3188,2
3189,3
3190,7
3191,1
3192,1
3193,7
3194,11
3195,7
3196,1
3197,4
3198,1
3199,7
3200,2
3201,7
3202,10
3203,7
3204,4
3205,3
3206,9
3207,8
3208,3
3209,3
3210,1
3211,7
3212,8
3213,3
3214,10
3215,11
3216,2
3217,2
3218,2
3219,2
3220,3
3221,2
3222,3
3223,7
3224,2
3225,11
3226,3
3227,1
3228,5
3229,3
3230,10
3231,3
3232,10
3233,7
3234,9
3235,2
3236,2
3237,10
3238,6
3239,7
3240,8
3241,4
3242,8
3243,3
3244,9
3245,3
3246,11
3247,1
3248,11
3249,7
3250,9
3251,4
3252,2
3253,10
3254,2
3255,10
3256,2
3257,3
3258,7
3259,9
3260,1
3261,4
3262,3
3263,6
3264,7
3265,8
3266,11
3267,5
3268,8
3269,2
3270,2
3271,3
3272,3
3273,2
3274,7
3275,3
3276,1
3277,8
3278,9
3279,1
3280,8
3281,1
3282,2
3283,8
3284,2
3285,10
3286,7
3287,7
3288,1
3289,3
3290,2
3291,2
3292,1
3293,11
3294,2
3295,1
3296,2
3297,7
3298,6
3299,7
3300,8
3301,7
3302,9
3303,1
3304,6
3305,4
3306,2
3307,4
3308,8
3309,10
3310,1
3311,7
3312,4
3313,8
3314,10
3315,7
3316,3
3317,8
3318,7
3319,9
3320,1
3321,8
3322,10
3323,1
3324,7
3325,1
3326,4
3327,2
3328,1
3329,10
3330,4
3331,7
3332,11
3333,1
3334,7
3335,7
3336,7
3337,10
3338,2
3339,9
3340,10
3341,4
3342,4
3343,1
3344,9
3345,10
3346,8
3347,7
3348,7
3349,2
3350,10
3351,10
3352,2
3353,2
3354,9
3355,7
3356,7
3357,1
3358,6
3359,3
3360,10
3361,4
3362,7
3363,1
3364,7
3365,3
3366,11
3367,10
3368,3
3369,6
3370,2
3371,7
3372,10
3373,2
3374,11
3375,11
3376,2
3377,11
3378,8
3379,2
3380,3
3381,3
3382,9
3383,10
3384,1
3385,6
3386,4
3387,8
3388,8
3389,9
3390,9
3391,8
3392,8
3393,9
3394,2
3395,10
3396,9
3397,7
3398,1
3399,3
3400,1
3401,10
3402,4
3403,2
3404,1
3405,7
3406,11
3407,8
3408,6
3409,2
3410,9
3411,6
3412,1
3413,9
3414,1
3415,10
3416,6
3417,9
3418,6
3419,9
3420,4
3421,9
3422,10
3423,6
3424,2
3425,8
3426,8
3427,2
3428,3
3429,11
3430,8
3431,3
3432,2
3433,8
3434,3
3435,1
3436,1
3437,2
3438,7
3439,4
3440,10
3441,9
3442,2
3443,7
3444,1
3445,7
3446,2
3447,8
3448,8
3449,9
3450,7
3451,11
3452,9
3453,6
3454,6
3455,10
3456,2
3457,7
3458,6
3459,8
3460,4
3461,10
3462,3
3463,8
3464,4
3465,2
3466,8
3467,9
3468,9
3469,9
3470,2
3471,4
3472,2
3473,6
3474,4
3475,4
3476,11
3477,1
3478,11
3479,1
3480,3
3481,8
3482,2
3483,1
3484,4
3485,3
3486,2
3487,3
3488,8
3489,9
3490,4
3491,3
3492,7
3493,10
3494,10
3495,2
3496,1
3497,8
3498,1
3499,3
3500,9
3501,6
3502,10
3503,10
3504,2
3505,1
3506,9
3507,1
3508,2
3509,7
3510,2
3511,11
3512,3
3513,4
3514,2
3515,7
3516,9
3517,6
3518,9
3519,8
3520,4
3521,7
3522,4
3523,4
3524,1
3525,9
3526,4
3527,11
3528,1
3529,3
3530,1
3531,9
3532,10
3533,10
3534,3
3535,8
3536,8
3537,4
3538,3
3539,2
3540,4
3541,10
3542,8
3543,9
3544,8
3545,10
3546,11
3547,8
3548,1
3549,1
3550,7
3551,8
3552,7
3553,11
3554,4
3555,10
3556,9
3557,11
3558,2
3559,8
3560,3
3561,8
3562,10
3563,7
3564,10
3565,2
3566,3
3567,2
3568,7
3569,2
3570,1
3571,3
3572,1
3573,9
3574,3
3575,9
3576,10
3577,7
3578,1
3579,11
3580,1
3581,3
3582,8
3583,7
3584,2
3585,2
3586,8
3587,2
3588,8
3589,7
3590,8
3591,11
3592,1
3593,3
3594,9
3595,1
3596,1
3597,4
3598,10
3599,6
3600,7
3601,8
3602,8
3603,5
3604,3
3605,7
3606,4
3607,3
3608,4
3609,1
3610,9
3611,2
3612,8
3613,6
3614,1
3615,1
3616,3
3617,9
3618,2
3619,10
3620,1
3621,1
3622,1
3623,3
3624,7
3625,3
3626,9
3627,1
3628,3
3629,2
3630,1
3631,9
3632,7
3633,3
3634,7
3635,3
3636,3
3637,4
3638,1
3639,10
3640,4
3641,10
3642,3
3643,4
3644,11
3645,8
3646,7
3647,2
3648,7
3649,1
3650,7
3651,3
3652,6
3653,9
3654,1
3655,1
3656,10
3657,1
3658,7
3659,1
3660,4
3661,7
3662,9
3663,9
3664,1
3665,8
3666,9
3667,10
3668,8
3669,3
3670,3
3671,2
3672,11
3673,9
3674,2
3675,1
3676,2
3677,9
3678,7
3679,1
3680,4
3681,6
3682,10
3683,4
3684,6
3685,3
3686,11
3687,3
3688,9
3689,11
3690,1
3691,3
3692,3
3693,2
3694,3
3695,2
3696,9
3697,4
3698,9
3699,2
3700,10
3701,4
3702,10
3703,9
3704,3
3705,1
3706,8
3707,3
3708,11
3709,3
3710,7
3711,10
3712,10
3713,9
3714,8
3715,7
3716,10
3717,4
3718,3
3719,9
3720,3
3721,6
3722,8
3723,4
3724,2
3725,8
3726,7
3727,1
3728,8
3729,10
3730,7
3731,5
3732,11
3733,8
3734,8
3735,11
3736,1
3737,2
3738,6
3739,2
3740,2
3741,7
3742,3
3743,1
3744,11
3745,5
3746,3
3747,2
3748,7
3749,1
3750,4
3751,10
3752,10
3753,9
3754,3
3755,4
3756,10
3757,3
3758,11
3759,10
3760,7
3761,3
3762,6
3763,2
3764,8
3765,8
3766,7
3767,8
3768,4
3769,8
3770,11
3771,8
3772,3
3773,1
3774,9
3775,2
3776,2
3777,9
3778,9
3779,4
3780,11
3781,1
3782,8
3783,3
3784,9
3785,3
3786,2
3787,2
3788,3
3789,1
3790,1
3791,1
3792,3
3793,7
3794,7
3795,1
3796,1
3797,8
3798,1
3799,7
3800,9
3801,10
3802,4
3803,2
3804,4
3805,4
3806,4
3807,8
3808,7
3809,9
3810,2
3811,10
3812,9
3813,1
3814,8
3815,10
3816,1
3817,8
3818,6
3819,2
3820,11
3821,2
3822,3
3823,3
3824,3
3825,9
3826,8
3827,4
3828,4
3829,9
3830,9
3831,8
3832,2
3833,9
3834,8
3835,10
3836,5
3837,8
3838,9
3839,1
3840,2
3841,10
3842,9
3843,11
3844,9
3845,7
3846,4
3847,3
3848,7
3849,4
3850,2
3851,3
3852,1
3853,7
3854,7
3855,11
3856,9
3857,4
3858,4
3859,7
3860,2
3861,1
3862,2
3863,1
3864,7
3865,3
3866,8
3867,10
3868,11
3869,3
3870,10
3871,4
3872,4
3873,9
3874,7
3875,10
3876,2
3877,1
3878,10
3879,8
3880,1
3881,7
3882,8
3883,10
3884,1
3885,10
3886,4
3887,7
3888,8
3889,10
3890,2
3891,8
3892,7
3893,7
3894,4
3895,9
3896,1
3897,8
3898,1
3899,10
3900,3
3901,10
3902,3
3903,3
3904,10
3905,3
3906,3
3907,7
3908,9
3909,1
3910,2
3911,1
3912,5
3913,1
3914,3
3915,8
3916,9
3917,1
3918,8
3919,1
3920,3
3921,1
3922,7
3923,8
3924,9
3925,2
3926,9
3927,8
3928,4
3929,2
3930,6
3931,4
3932,6
3933,9
3934,8
3935,8
3936,3
3937,8
3938,2
3939,8
3940,3
3941,2
3942,7
3943,3
3944,10
3945,2
3946,1
3947,6
3948,9
3949,7
3950,7
3951,7
3952,2
3953,4
3954,8
3955,9
3956,9
3957,9
3958,9
3959,2
3960,1
3961,10
3962,2
3963,2
3964,2
3965,11
3966,8
3967,1
3968,5
3969,3
3970,1
3971,4
3972,10
3973,2
3974,9
3975,10
3976,6
3977,2
3978,9
3979,4
3980,11
3981,3
3982,10
3983,6
3984,8
3985,1
3986,6
3987,3
3988,4
3989,4
3990,1
3991,2
3992,10
3993,1
3994,2
3995,11
3996,8
3997,4
3998,8
3999,10
4000,1
4001,7
4002,8
4003,8
4004,3
4005,7
4006,4
4007,8
4008,3
4009,1
4010,10
4011,1
4012,2
4013,7
4014,3
4015,2
4016,1
4017,2
4018,6
4019,2
4020,7
4021,7
4022,7
4023,3
4024,3
4025,9
4026,11
4027,3
4028,9
4029,4
4030,9
4031,1
4032,7
4033,8
4034,2
4035,3
4036,7
4037,2
4038,1
4039,7
4040,9
4041,2
4042,10
4043,9
4044,8
4045,10
4046,2
4047,6
4048,1
4049,3
4050,4
4051,1
4052,11
4053,1
4054,1
4055,1
4056,2
4057,1
4058,8
4059,2
4060,1
4061,1
4062,8
4063,8
4064,8
4065,11
4066,2
4067,7
4068,3
4069,11
4070,2
4071,2
4072,1
4073,2
4074,3
4075,2
4076,1
4077,11
4078,1
4079,10
4080,7
4081,10
4082,10
4083,9
4084,11
4085,8
4086,7
4087,1
4088,6
4089,9
4090,7
4091,1
4092,8
4093,3
4094,1
4095,3
4096,1
4097,1
4098,10
4099,8
4100,9
4101,1
4102,3
4103,11
4104,7
4105,8
4106,8
4107,8
4108,1
4109,7
4110,7
4111,9
4112,3
4113,1
4114,7
4115,1
4116,2
4117,4
4118,7
4119,7
4120,1
4121,3
4122,8
4123,3
4124,8
4125,4
4126,7
4127,1
4128,6
4129,9
4130,2
4131,1
4132,9
4133,1
4134,7
4135,1
4136,7
4137,4
4138,9
4139,8
4140,1
4141,3
4142,7
4143,6
4144,10
4145,7
4146,8
4147,7
4148,2
4149,2
4150,3
4151,8
4152,2
4153,7
4154,3
4155,2
4156,8
4157,3
4158,8
4159,3
4160,9
4161,9
4162,2
4163,10
4164,2
4165,8
4166,2
4167,4
4168,4
4169,2
4170,7
4171,2
4172,3
4173,7
4174,10
4175,9
4176,4
4177,2
4178,1
4179,10
4180,2
4181,1
4182,4
4183,8
4184,9
4185,1
4186,5
4187,8
4188,6
4189,4
4190,1
4191,8
4192,2
4193,11
4194,3
4195,2
4196,7
4197,1
4198,1
4199,1
4200,9
4201,11
4202,2
4203,3
4204,1
4205,1
4206,6
4207,10
4208,2
4209,8
4210,7
4211,2
4212,2
4213,8
4214,1
4215,4
4216,7
4217,8
4218,1
4219,7
4220,2
4221,11
4222,8
4223,3
4224,11
4225,10
4226,10
4227,3
4228,3
4229,6
4230,9
4231,4
4232,10
4233,6
4234,1
4235,2
4236,7
4237,10
4238,1
4239,7
4240,8
4241,7
4242,8
4243,11
4244,2
4245,7
4246,9
4247,11
4248,10
4249,9
4250,3
4251,6
4252,7
4253,4
4254,5
4255,10
4256,8
4257,9
4258,11
4259,7
4260,8
4261,7
4262,11
4263,2
4264,2
4265,8
4266,8
4267,6
4268,4
4269,3
4270,8
4271,2
4272,11
4273,4
4274,7
4275,6
4276,9
4277,8
4278,2
4279,6
4280,10
4281,2
4282,2
4283,10
4284,2
4285,11
4286,8
4287,7
4288,9
4289,10
4290,2
4291,1
4292,9
4293,2
4294,8
4295,6
4296,10
4297,10
4298,10
4299,4
4300,3
4301,11
4302,8
4303,7
4304,1
4305,2
4306,7
4307,9
4308,8
4309,6
4310,2
4311,1
4312,7
4313,7
4314,9
4315,3
4316,3
4317,4
4318,7
4319,2
4320,8
4321,2
4322,1
4323,10
4324,2
4325,10
4326,11
4327,2
4328,7
4329,2
4330,9
4331,9
4332,7
4333,1
4334,10
4335,1
4336,11
4337,8
4338,1
4339,11
4340,9
4341,3
4342,9
4343,7
4344,9
4345,9
4346,2
4347,9
4348,9
4349,3
4350,1
4351,10
4352,11
4353,10
4354,1
4355,4
4356,2
4357,1
4358,11
4359,2
4360,5
4361,1
4362,7
4363,9
4364,8
4365,3
4366,10
4367,9
4368,10
4369,3
4370,11
4371,1
4372,11
4373,9
4374,4
4375,8
4376,3
4377,10
4378,2
4379,3
4380,1
4381,1
4382,10
4383,3
4384,7
4385,6
4386,9
4387,10
4388,2
4389,10
4390,3
4391,11
4392,7
4393,8
4394,8
4395,11
4396,8
4397,7
4398,10
4399,7
4400,10
4401,3
4402,9
4403,7
4404,10
4405,1
4406,1
4407,3
4408,1
4409,8
4410,10
4411,4
4412,10
4413,2
4414,9
4415,1
4416,3
4417,4
4418,9
4419,9
4420,2
4421,2
4422,11
4423,2
4424,6
4425,7
4426,8
4427,3
4428,10
4429,7
4430,11
4431,2
4432,11
4433,3
4434,1
4435,10
4436,11
4437,8
4438,4
4439,3
4440,10
4441,4
4442,11
4443,1
4444,7
4445,11
4446,3
4447,8
4448,10
4449,7
4450,10
4451,9
4452,1
4453,1
4454,1
4455,11
4456,1
4457,8
4458,9
4459,3
4460,2
4461,4
4462,6
4463,7
4464,1
4465,10
4466,7
4467,4
4468,10
4469,1
4470,8
4471,9
4472,4
4473,1
4474,9
4475,1
4476,1
4477,7
4478,2
4479,9
4480,11
4481,7
4482,3
4483,11
4484,1
4485,1
4486,9
4487,3
4488,10
4489,10
4490,9
4491,9
4492,6
4493,9
4494,7
4495,10
4496,7
4497,3
4498,3
4499,7
4500,4
4501,9
4502,7
4503,2
4504,7
4505,7
4506,11
4507,7
4508,9
4509,7
4510,3
4511,2
4512,6
4513,1
4514,6
4515,1
4516,7
4517,6
4518,1
4519,1
4520,9
4521,3
4522,9
4523,3
4524,8
4525,4
4526,10
4527,1
4528,4
4529,9
4530,3
4531,3
4532,1
4533,8
4534,7
4535,1
4536,11
4537,8
4538,1
4539,11
4540,1
4541,7
4542,7
4543,8
4544,7
4545,11
4546,1
4547,9
4548,2
4549,8
4550,3
4551,8
4552,2
4553,8
4554,11
4555,3
4556,1
4557,2
4558,7
4559,3
4560,10
4561,1
4562,9
4563,10
4564,8
4565,3
4566,11
4567,10
4568,6
4569,4
4570,9
4571,8
4572,1
4573,7
4574,8
4575,7
4576,3
4577,10
4578,8
4579,2
4580,5
4581,11
4582,10
4583,2
4584,7
4585,1
4586,11
4587,2
4588,1
4589,4
4590,2
4591,8
4592,7
4593,2
4594,4
4595,2
4596,1
4597,1
4598,2
4599,2
4600,7
4601,8
4602,9
4603,8
4604,1
4605,4
4606,9
4607,2
4608,3
4609,9
4610,10
4611,2
4612,9
4613,8
4614,1
4615,8
4616,7
4617,4
4618,10
4619,8
4620,4
4621,3
4622,10
4623,8
4624,4
4625,3
4626,1
4627,8
4628,11
4629,6
4630,1
4631,10
4632,10
4633,8
4634,10
4635,4
4636,8
4637,2
4638,4
4639,11
4640,3
4641,8
4642,10
4643,11
4644,9
4645,7
4646,2
4647,2
4648,1
4649,7
4650,2
4651,8
4652,1
4653,1
4654,2
4655,2
4656,7
4657,4
4658,10
4659,3
4660,1
4661,1
4662,10
4663,9
4664,11
4665,4
4666,4
4667,10
4668,7
4669,9
4670,9
4671,2
4672,2
4673,3
4674,8
4675,1
4676,4
4677,7
4678,8
4679,11
4680,3
4681,1
4682,7
4683,2
4684,3
4685,2
4686,11
4687,11
4688,7
4689,2
4690,8
4691,8
4692,1
4693,1
4694,11
4695,7
4696,9
4697,1
4698,1
4699,11
4700,2
4701,3
4702,1
4703,1
4704,4
4705,8
4706,1
4707,2
4708,10
4709,2
4710,11
4711,9
4712,3
4713,2
4714,9
4715,9
4716,7
4717,10
4718,1
4719,3
4720,11
4721,10
4722,10
4723,11
4724,3
4725,3
4726,2
4727,1
4728,11
4729,1
4730,8
4731,3
4732,6
4733,8
4734,3
4735,1
4736,8
4737,2
4738,2
4739,2
4740,11
4741,9
4742,3
4743,10
4744,11
4745,9
4746,2
4747,1
4748,2
4749,1
4750,8
4751,9
4752,2
4753,7
4754,8
4755,6
4756,9
4757,8
4758,3
4759,8
4760,6
4761,2
4762,6
4763,8
4764,10
4765,8
4766,8
4767,9
4768,9
4769,6
4770,8
4771,2
4772,2
4773,1
4774,7
4775,2
4776,10
4777,2
4778,3
4779,1
4780,11
4781,7
4782,3
4783,11
4784,4
4785,6
4786,2
4787,9
4788,1
4789,1
4790,8
4791,10
4792,10
4793,11
4794,8
4795,9
4796,1
4797,2
4798,9
4799,3
4800,10
4801,7
4802,8
4803,10
4804,7
4805,10
4806,9
4807,8
4808,6
4809,9
4810,7
4811,11
4812,3
4813,2
4814,2
4815,2
4816,1
4817,10
4818,3
4819,8
4820,2
4821,4
4822,9
4823,2
4824,4
4825,2
4826,1
4827,4
4828,7
4829,7
4830,8
4831,2
4832,5
4833,7
4834,8
4835,7
4836,5
4837,6
4838,7
4839,6
4840,1
4841,7
4842,8
4843,3
4844,3
4845,2
4846,8
4847,9
4848,2
4849,1
4850,2
4851,3
4852,3
4853,2
4854,8
4855,2
4856,9
4857,3
4858,8
4859,8
4860,2
4861,7
4862,10
4863,7
4864,7
4865,9
4866,2
4867,9
4868,10
4869,10
4870,4
4871,8
4872,2
4873,10
4874,2
4875,8
4876,7
4877,8
4878,7
4879,9
4880,2
4881,7
4882,10
4883,11
4884,6
4885,1
4886,5
4887,8
4888,9
4889,8
4890,3
4891,9
4892,1
4893,11
4894,9
4895,3
4896,7
4897,7
4898,2
4899,7
4900,3
4901,9
4902,7
4903,2
4904,8
4905,7
4906,10
4907,1
4908,10
4909,11
4910,3
4911,4
4912,11
4913,9
4914,10
4915,3
4916,2
4917,2
4918,8
4919,2
4920,10
4921,2
4922,1
4923,3
4924,11
4925,8
4926,2
4927,10
4928,10
4929,10
4930,8
4931,7
4932,1
4933,2
4934,7
4935,4
4936,4
4937,2
4938,7
4939,1
4940,10
4941,7
4942,9
4943,4
4944,4
4945,1
4946,9
4947,8
4948,11
4949,2
4950,11
4951,2
4952,9
4953,3
4954,8
4955,9
4956,2
4957,10
4958,7
4959,7
4960,8
4961,7
4962,8
4963,4
4964,3
4965,7
4966,5
4967,10
4968,3
4969,2
4970,1
4971,6
4972,2
4973,7
4974,1
4975,3
4976,1
4977,1
4978,10
4979,3
4980,8
4981,4
4982,1
4983,9
4984,7
4985,1
4986,2
4987,9
4988,2
4989,2
4990,2
4991,9
4992,10
4993,7
4994,4
4995,9
4996,3
4997,10
4998,10
4999,2
5000,3
5001,4
5002,10
5003,4
5004,9
5005,2
5006,1
5007,9
5008,3
5009,3
5010,3
5011,4
5012,2
5013,3
5014,1
5015,2
5016,1
5017,7
5018,1
5019,9
5020,9
5021,1
5022,6
5023,10
5024,2
5025,1
5026,11
5027,3
5028,1
5029,6
5030,3
5031,6
5032,9
5033,7
5034,2
5035,4
5036,4
5037,1
5038,3
5039,4
5040,5
5041,4
5042,10
5043,10
5044,10
5045,2
5046,9
5047,2
5048,7
5049,1
5050,3
5051,9
5052,7
5053,7
5054,11
5055,8
5056,7
5057,1
5058,7
5059,3
5060,2
5061,10
5062,1
5063,1
5064,7
5065,10
5066,7
5067,4
5068,1
5069,2
5070,11
5071,7
5072,8
5073,11
5074,10
5075,8
5076,7
5077,6
5078,7
5079,9
5080,2
5081,9
5082,11
5083,2
5084,10
5085,7
5086,3
5087,11
5088,4
5089,9
5090,8
5091,3
5092,10
5093,8
5094,5
5095,2
5096,8
5097,2
5098,7
5099,9
5100,2
5101,2
5102,7
5103,3
5104,4
5105,11
5106,8
5107,3
5108,8
5109,3
5110,2
5111,1
5112,2
5113,3
5114,7
5115,10
5116,9
5117,8
5118,7
5119,1
5120,6
5121,1
5122,7
5123,6
5124,3
5125,10
5126,1
5127,7
5128,4
5129,11
5130,8
5131,9
5132,7
5133,11
5134,11
5135,3
5136,11
5137,1
5138,8
5139,7
5140,10
5141,8
5142,9
5143,10
5144,9
5145,10
5146,7
5147,9
5148,2
5149,1
5150,3
5151,2
5152,4
5153,3
5154,8
5155,1
5156,1
5157,7
5158,7
5159,3
5160,4
5161,11
5162,10
5163,2
5164,4
5165,9
5166,7
5167,10
5168,10
5169,11
5170,9
5171,7
5172,2
5173,1
5174,1
5175,5
5176,6
5177,9
5178,2
5179,1
5180,1
5181,8
5182,4
5183,8
5184,4
5185,2
5186,10
5187,8
5188,2
5189,11
5190,3
5191,3
5192,2
5193,6
5194,1
5195,8
5196,4
5197,8
5198,2
5199,7
5200,9
5201,2
5202,11
5203,8
5204,7
5205,4
5206,9
5207,1
5208,1
5209,9
5210,9
5211,1
5212,7
5213,11
5214,9
5215,1
5216,3
5217,1
5218,10
5219,8
5220,10
5221,9
5222,10
5223,8
5224,2
5225,3
5226,2
5227,9
5228,1
5229,4
5230,7
5231,10
5232,2
5233,3
5234,6
5235,8
5236,2
5237,11
5238,9
5239,9
5240,8
5241,2
5242,3
5243,9
5244,8
5245,3
5246,9
5247,10
5248,10
5249,9
5250,2
5251,10
5252,9
5253,1
5254,2
5255,7
5256,2
5257,9
5258,2
5259,2
5260,9
5261,1
5262,8
5263,9
5264,10
5265,7
5266,8
5267,2
5268,1
5269,8
5270,2
5271,1
5272,5
5273,5
5274,1
5275,3
5276,3
5277,7
5278,7
5279,1
5280,3
5281,7
5282,1
5283,9
5284,9
5285,2
5286,1
5287,4
5288,10
5289,4
5290,3
5291,9
5292,2
5293,8
5294,2
5295,9
5296,9
5297,8
5298,8
5299,11
5300,7
5301,2
5302,2
5303,7
5304,7
5305,4
5306,1
5307,8
5308,1
5309,2
5310,11
5311,2
5312,2
5313,3
5314,8
5315,7
5316,8
5317,1
5318,3
5319,3
5320,11
5321,1
5322,3
5323,6
5324,1
5325,8
5326,2
5327,1
5328,3
5329,4
5330,9
5331,11
5332,9
5333,11
5334,2
5335,4
5336,2
5337,8
5338,9
5339,2
5340,2
5341,9
5342,2
5343,3
5344,4
5345,3
5346,2
5347,3
5348,1
5349,8
5350,11
5351,3
5352,1
5353,8
5354,7
5355,9
5356,7
5357,2
5358,3
5359,6
5360,8
5361,3
5362,2
5363,8
5364,7
5365,7
5366,8
5367,8
5368,10
5369,8
5370,8
5371,10
5372,8
5373,2
5374,7
5375,6
5376,2
5377,2
5378,2
5379,7
5380,10
5381,2
5382,4
5383,9
5384,10
5385,1
5386,8
5387,2
5388,5
5389,1
5390,11
5391,10
5392,5
5393,8
5394,8
5395,11
5396,9
5397,7
5398,2
5399,6
5400,3
5401,4
5402,1
5403,1
5404,8
5405,9
5406,7
5407,8
5408,2
5409,9
5410,1
5411,9
5412,11
5413,2
5414,7
5415,10
5416,2
5417,2
5418,7
5419,3
5420,2
5421,6
5422,8
5423,6
5424,8
5425,3
5426,10
5427,6
5428,9
5429,4
5430,3
5431,1
5432,8
5433,4
5434,9
5435,9
5436,2
5437,9
5438,11
5439,1
5440,3
5441,11
5442,9
5443,9
5444,2
5445,7
5446,10
5447,11
5448,6
5449,8
5450,8
5451,7
5452,3
5453,7
5454,9
5455,8
5456,3
5457,9
5458,7
5459,7
5460,4
5461,7
5462,2
5463,7
5464,8
5465,8
5466,11
5467,8
5468,6
5469,3
5470,10
5471,2
5472,2
5473,2
5474,1
5475,2
5476,9
5477,3
5478,11
5479,1
5480,10
5481,7
5482,4
5483,2
5484,8
5485,1
5486,2
5487,11
5488,2
5489,11
5490,10
5491,2
5492,7
5493,9
5494,8
5495,9
5496,3
5497,3
5498,3
5499,11
5500,10
5501,4
5502,8
5503,4
5504,8
5505,8
5506,11
5507,4
5508,8
5509,3
5510,9
5511,9
5512,1
5513,10
5514,8
5515,8
5516,7
5517,10
5518,1
5519,10
5520,9
5521,10
5522,2
5523,3
5524,2
5525,11
5526,8
5527,3
5528,8
5529,8
5530,1
5531,9
5532,3
5533,1
5534,9
5535,7
5536,8
5537,8
5538,9
5539,8
5540,10
5541,2
5542,7
5543,1
5544,4
5545,9
5546,7
5547,11
5548,7
5549,2
5550,1
5551,8
5552,7
5553,2
5554,10
5555,8
5556,9
5557,9
5558,11
5559,6
5560,3
5561,7
5562,7
5563,10
5564,7
5565,11
5566,4
5567,1
5568,2
5569,3
5570,8
5571,8
5572,1
5573,3
5574,2
5575,7
5576,9
5577,9
5578,2
5579,3
5580,11
5581,8
5582,9
5583,3
5584,11
5585,3
5586,8
5587,3
5588,7
5589,8
5590,1
5591,10
5592,8
5593,1
5594,7
5595,7
5596,2
5597,7
5598,6
5599,8
5600,6
5601,1
5602,2
5603,10
5604,3
5605,8
5606,3
5607,7
5608,1
5609,2
5610,9
5611,10
5612,8
5613,11
5614,8
5615,1
5616,8
5617,2
5618,6
5619,4
5620,1
5621,8
5622,7
5623,2
5624,1
5625,10
5626,10
5627,7
5628,3
5629,2
5630,7
5631,7
5632,7
5633,11
5634,2
5635,10
5636,7
5637,8
5638,8
5639,2
5640,8
5641,1
5642,10
5643,2
5644,1
5645,1
5646,7
5647,8
5648,10
5649,4
5650,1
5651,8
5652,11
5653,4
5654,1
5655,1
5656,6
5657,1
5658,8
5659,9
5660,8
5661,2
5662,8
5663,2
5664,10
5665,9
5666,2
5667,3
5668,4
5669,3
5670,9
5671,11
5672,9
5673,1
5674,7
5675,8
5676,4
5677,3
5678,9
5679,2
5680,8
5681,8
5682,2
5683,8
5684,9
5685,10
5686,3
5687,7
5688,4
5689,7
5690,2
5691,2
5692,7
5693,1
5694,1
5695,2
5696,4
5697,2
5698,3
5699,11
5700,3
5701,2
5702,8
5703,7
5704,10
5705,3
5706,1
5707,2
5708,10
5709,9
5710,7
5711,8
5712,7
5713,8
5714,9
5715,9
5716,10
5717,8
5718,1
5719,11
5720,10
5721,10
5722,3
5723,3
5724,3
5725,8
5726,2
5727,9
5728,3
5729,10
5730,9
5731,2
5732,6
5733,1
5734,2
5735,8
5736,1
5737,8
5738,1
5739,9
5740,2
5741,10
5742,10
5743,10
5744,3
5745,2
5746,7
5747,11
5748,9
5749,8
5750,1
5751,3
5752,3
5753,10
5754,1
5755,11
5756,6
5757,4
5758,4
5759,7
5760,2
5761,3
5762,9
5763,2
5764,9
5765,3
5766,7
5767,10
5768,7
5769,8
5770,11
5771,8
5772,2
5773,11
5774,2
5775,10
5776,1
5777,9
5778,4
5779,4
5780,3
5781,9
5782,1
5783,7
5784,4
5785,6
5786,9
5787,7
5788,2
5789,11
5790,3
5791,8
5792,2
5793,7
5794,8
5795,10
5796,8
5797,3
5798,2
5799,8
5800,10
5801,1
5802,9
5803,8
5804,9
5805,7
5806,2
5807,10
5808,1
5809,8
5810,1
5811,2
5812,7
5813,1
5814,1
5815,2
5816,9
5817,2
5818,9
5819,1
5820,8
5821,6
5822,9
5823,4
5824,9
5825,10
5826,7
5827,7
5828,9
5829,8
5830,4
5831,7
5832,3
5833,8
5834,11
5835,10
5836,4
5837,1
5838,2
5839,2
5840,7
5841,3
5842,9
5843,2
5844,10
5845,3
5846,10
5847,8
5848,3
5849,4
5850,8
5851,10
5852,1
5853,3
5854,2
5855,10
5856,6
5857,9
5858,1
5859,2
5860,11
5861,1
5862,2
5863,9
5864,11
5865,9
5866,11
5867,3
5868,7
5869,11
5870,2
5871,7
5872,8
5873,1
5874,3
5875,1
5876,11
5877,3
5878,11
5879,2
5880,2
5881,4
5882,1
5883,7
5884,11
5885,7
5886,10
5887,2
5888,2
5889,9
5890,11
5891,2
5892,2
5893,1
5894,2
5895,9
5896,4
5897,8
5898,2
5899,2
5900,2
5901,10
5902,4
5903,6
5904,3
5905,9
5906,2
5907,10
5908,2
5909,11
5910,3
5911,7
5912,4
5913,11
5914,3
5915,3
5916,2
5917,2
5918,3
5919,4
5920,11
5921,11
5922,8
5923,4
5924,8
5925,8
5926,11
5927,4
5928,8
5929,1
5930,3
5931,8
5932,2
5933,3
5934,7
5935,1
5936,4
5937,9
5938,3
5939,1
5940,8
5941,8
5942,8
5943,8
5944,7
5945,4
5946,10
5947,7
5948,1
5949,8
5950,9
5951,11
5952,3
5953,3
5954,9
5955,9
5956,9
5957,2
5958,1
5959,10
5960,9
5961,8
5962,3
5963,1
5964,4
5965,3
5966,9
5967,3
5968,11
5969,2
5970,1
5971,9
5972,11
5973,7
5974,3
5975,11
5976,9
5977,2
5978,11
5979,2
5980,2
5981,8
5982,2
5983,8
5984,2
5985,7
5986,4
5987,2
5988,9
5989,8
5990,9
5991,3
5992,2
5993,9
5994,1
5995,10
5996,4
5997,7
5998,11
5999,7
6000,1
6001,8
6002,9
6003,8
6004,6
6005,1
6006,10
6007,7
6008,11
6009,3
6010,1
6011,7
6012,7
6013,9
6014,6
6015,1
6016,1
6017,8
6018,1
6019,7
6020,11
6021,2
6022,8
6023,7
6024,10
6025,9
6026,3
6027,1
6028,3
6029,4
6030,8
6031,6
6032,6
6033,8
6034,1
6035,10
6036,10
6037,3
6038,7
6039,11
6040,1
6041,9
6042,6
6043,9
6044,3
6045,1
6046,4
6047,9
6048,2
6049,2
6050,3
6051,10
6052,10
6053,7
6054,4
6055,2
6056,9
6057,6
6058,8
6059,10
6060,2
6061,11
6062,3
6063,3
6064,2
6065,10
6066,3
6067,4
6068,3
6069,9
6070,2
6071,10
6072,10
6073,8
6074,1
6075,2
6076,2
6077,1
6078,1
6079,3
6080,1
6081,2
6082,11
6083,7
6084,3
6085,9
6086,4
6087,3
6088,3
6089,3
6090,3
6091,10
6092,6
6093,9
6094,6
6095,3
6096,1
6097,3
6098,8
6099,9
6100,1
6101,1
6102,2
6103,9
6104,3
6105,1
6106,8
6107,8
6108,9
6109,1
6110,7
6111,1
6112,8
6113,9
6114,7
6115,10
6116,9
6117,1
6118,7
6119,2
6120,1
6121,8
6122,11
6123,2
6124,10
6125,7
6126,9
6127,1
6128,1
6129,1
6130,7
6131,10
6132,11
6133,4
6134,4
6135,11
6136,1
6137,10
6138,9
6139,10
6140,11
6141,1
6142,8
6143,7
6144,7
6145,1
6146,7
6147,1
6148,2
6149,1
6150,1
6151,4
6152,1
6153,9
6154,2
6155,11
6156,3
6157,9
6158,2
6159,11
6160,2
6161,11
6162,8
6163,2
6164,4
6165,1
6166,4
6167,3
6168,3
6169,2
6170,7
6171,1
6172,8
6173,9
6174,10
6175,2
6176,3
6177,8
6178,2
6179,3
6180,3
6181,7
6182,10
6183,11
6184,9
6185,10
6186,2
6187,1
6188,8
6189,11
6190,10
6191,1
6192,4
6193,3
6194,7
6195,6
6196,9
6197,7
6198,8
6199,8
6200,9
6201,1
6202,2
6203,6
6204,7
6205,2
6206,1
6207,3
6208,8
6209,11
6210,9
6211,3
6212,3
6213,8
6214,10
6215,2
6216,2
6217,8
6218,3
6219,6
6220,3
6221,3
6222,8
6223,1
6224,7
6225,4
6226,7
6227,9
6228,8
6229,4
6230,2
6231,9
6232,2
6233,9
6234,11
6235,9
6236,11
6237,9
6238,1
6239,8
6240,7
6241,9
6242,9
6243,8
6244,11
6245,7
6246,8
6247,7
6248,3
6249,7
6250,3
6251,7
6252,2
6253,11
6254,9
6255,2
6256,4
6257,4
6258,11
6259,7
6260,9
6261,3
6262,10
6263,2
6264,9
6265,2
6266,8
6267,1
6268,11
6269,2
6270,11
6271,2
6272,8
6273,2
6274,7
6275,8
6276,4
6277,2
6278,6
6279,5
6280,10
6281,9
6282,11
6283,1
6284,2
6285,7
6286,2
6287,10
6288,1
6289,11
6290,10
6291,2
6292,3
6293,11
6294,1
6295,3
6296,2
6297,7
6298,9
6299,3
6300,2
6301,3
6302,7
6303,3
6304,2
6305,2
6306,1
6307,1
6308,11
6309,9
6310,2
6311,3
6312,2
6313,9
6314,8
6315,9
6316,7
6317,10
6318,9
6319,9
6320,9
6321,3
6322,9
6323,8
6324,2
6325,2
6326,3
6327,8
6328,3
6329,8
6330,7
6331,1
6332,3
6333,3
6334,3
6335,4
6336,8
6337,9
6338,8
6339,3
6340,8
6341,1
6342,8
6343,4
6344,3
6345,11
6346,10
6347,1
6348,4
6349,2
6350,2
6351,7
6352,7
6353,7
6354,9
6355,8
6356,1
6357,8
6358,9
6359,7
6360,4
6361,6
6362,1
6363,2
6364,1
6365,10
6366,8
6367,7
6368,1
6369,3
6370,9
6371,10
6372,2
6373,4
6374,10
6375,2
6376,9
6377,8
6378,1
6379,11
6380,8
6381,11
6382,11
6383,8
6384,11
6385,2
6386,4
6387,8
6388,8
6389,10
6390,1
6391,4
6392,1
6393,10
6394,8
6395,3
6396,4
6397,9
6398,11
6399,3
6400,1
6401,9
6402,8
6403,10
6404,7
6405,10
6406,8
6407,11
6408,2
6409,8
6410,10
6411,3
6412,7
6413,8
6414,9
6415,1
6416,3
6417,10
6418,9
6419,5
6420,2
6421,1
6422,10
6423,5
6424,11
6425,7
6426,1
6427,1
6428,1
6429,6
6430,9
6431,1
6432,1
6433,4
6434,1
6435,1
6436,4
6437,7
6438,2
6439,2
6440,11
6441,7
6442,3
6443,9
6444,9
6445,9
6446,11
6447,11
6448,3
6449,2
6450,2
6451,2
6452,9
6453,2
6454,8
6455,8
6456,3
6457,2
6458,1
6459,4
6460,8
6461,1
6462,7
6463,1
6464,7
6465,3
6466,1
6467,11
6468,9
6469,11
6470,8
6471,9
6472,8
6473,1
6474,1
6475,1
6476,7
6477,7
6478,2
6479,1
6480,2
6481,2
6482,10
6483,1
6484,2
6485,2
6486,2
6487,3
6488,3
6489,11
6490,1
6491,9
6492,10
6493,10
6494,8
6495,3
6496,5
6497,6
6498,7
6499,2
6500,1
6501,6
6502,3
6503,8
6504,10
6505,4
6506,2
6507,3
6508,1
6509,11
6510,9
6511,1
6512,1
6513,4
6514,9
6515,10
6516,9
6517,1
6518,8
6519,3
6520,2
6521,6
6522,3
6523,2
6524,7
6525,3
6526,7
6527,10
6528,4
6529,11
6530,8
6531,1
6532,1
6533,1
6534,9
6535,10
6536,1
6537,1
6538,2
6539,9
6540,11
6541,1
6542,2
6543,8
6544,9
6545,4
6546,4
6547,6
6548,10
6549,7
6550,10
6551,1
6552,7
6553,7
6554,11
6555,11
6556,6
6557,4
6558,8
6559,8
6560,7
6561,4
6562,3
6563,8
6564,4
6565,3
6566,3
6567,1
6568,9
6569,10
6570,2
6571,7
6572,2
6573,11
6574,2
6575,11
6576,3
6577,4
6578,2
6579,2
6580,1
6581,3
6582,1
6583,5
6584,2
6585,3
6586,8
6587,9
6588,4
6589,9
6590,7
6591,2
6592,7
6593,7
6594,3
6595,1
6596,7
6597,1
6598,1
6599,2
6600,11
6601,9
6602,7
6603,2
6604,10
6605,3
6606,1
6607,1
6608,8
6609,9
6610,4
6611,10
6612,8
6613,1
6614,2
6615,6
6616,3
6617,8
6618,11
6619,4
6620,3
6621,7
6622,8
6623,1
6624,8
6625,3
6626,1
6627,2
6628,11
6629,1
6630,1
6631,2
6632,9
6633,1
6634,3
6635,10
6636,9
6637,8
6638,1
6639,1
6640,11
6641,11
6642,3
6643,10
6644,8
6645,8
6646,2
6647,1
6648,1
6649,11
6650,4
6651,2
6652,9
6653,7
6654,7
6655,1
6656,8
6657,8
6658,1
6659,7
6660,11
6661,1
6662,3
6663,8
6664,1
6665,8
6666,4
6667,2
6668,10
6669,3
6670,9
6671,9
6672,7
6673,3
6674,2
6675,11
6676,9
6677,7
6678,7
6679,9
6680,9
6681,9
6682,1
6683,8
6684,10
6685,9
6686,7
6687,10
6688,3
6689,8
6690,3
6691,1
6692,11
6693,3
6694,3
6695,10
6696,7
6697,4
6698,3
6699,8
6700,1
6701,2
6702,8
6703,1
6704,10
6705,11
6706,10
6707,7
6708,11
6709,2
6710,6
6711,1
6712,1
6713,10
6714,1
6715,9
6716,7
6717,10
6718,8
6719,10
6720,8
6721,2
6722,1
6723,2
6724,9
6725,7
6726,7
6727,11
6728,10
6729,11
6730,8
6731,10
6732,4
6733,9
6734,7
6735,10
6736,8
6737,11
6738,1
6739,2
6740,1
6741,7
6742,7
6743,4
6744,8
6745,10
6746,10
6747,10
6748,4
6749,8
6750,1
6751,2
6752,11
6753,2
6754,2
6755,2
6756,8
6757,3
6758,2
6759,8
6760,7
6761,1
6762,9
6763,8
6764,3
6765,10
6766,3
6767,8
6768,10
6769,1
6770,9
6771,8
6772,3
6773,1
6774,7
6775,9
6776,7
6777,7
6778,7
6779,10
6780,8
6781,1
6782,4
6783,9
6784,9
6785,1
6786,4
6787,9
6788,1
6789,11
6790,2
6791,4
6792,2
6793,7
6794,9
6795,3
6796,11
6797,8
6798,10
6799,1
6800,11
6801,11
6802,3
6803,10
6804,4
6805,2
6806,6
6807,9
6808,8
6809,1
6810,6
6811,1
6812,3
6813,3
6814,8
6815,4
6816,10
6817,1
6818,10
6819,11
6820,4
6821,9
6822,8
6823,10
6824,2
6825,1
6826,2
6827,9
6828,1
6829,11
6830,11
6831,7
6832,3
6833,2
6834,11
6835,10
6836,11
6837,4
6838,7
6839,7
6840,4
6841,2
6842,7
6843,9
6844,10
6845,9
6846,2
6847,8
6848,8
6849,2
6850,1
6851,8
6852,9
6853,7
6854,2
6855,7
6856,8
6857,9
6858,10
6859,8
6860,3
6861,9
6862,7
6863,7
6864,3
6865,1
6866,10
6867,6
6868,2
6869,10
6870,8
6871,8
6872,10
6873,2
6874,9
6875,4
6876,9
6877,3
6878,9
6879,7
6880,7
6881,6
6882,1
6883,2
6884,1
6885,6
6886,4
6887,7
6888,1
6889,8
6890,1
6891,2
6892,8
6893,8
6894,2
6895,2
6896,3
6897,7
6898,1
6899,2
6900,9
6901,10
6902,7
6903,11
6904,2
6905,1
6906,1
6907,5
6908,1
6909,1
6910,8
6911,3
6912,1
6913,3
6914,1
6915,7
6916,8
6917,8
6918,8
6919,3
6920,8
6921,7
6922,4
6923,7
6924,8
6925,10
6926,11
6927,7
6928,7
6929,8
6930,9
6931,7
6932,9
6933,9
6934,9
6935,10
6936,7
6937,1
6938,4
6939,3
6940,4
6941,1
6942,8
6943,4
6944,7
6945,2
6946,11
6947,2
6948,9
6949,11
6950,9
6951,1
6952,2
6953,11
6954,6
6955,1
6956,1
6957,7
6958,10
6959,11
6960,3
6961,10
6962,1
6963,2
6964,8
6965,6
6966,3
6967,2
6968,3
6969,4
6970,8
6971,7
6972,9
6973,10
6974,3
6975,2
6976,6
6977,9
6978,7
6979,2
6980,1
6981,1
6982,7
6983,2
6984,3
6985,3
6986,1
6987,9
6988,9
6989,3
6990,8
6991,3
6992,2
6993,2
6994,4
6995,5
6996,3
6997,8
6998,9
6999,11
7000,3
7001,11
7002,9
7003,11
7004,2
7005,7
7006,8
7007,4
7008,7
7009,7
7010,9
7011,6
7012,4
7013,3
7014,3
7015,9
7016,8
7017,7
7018,2
7019,11
7020,1
7021,8
7022,4
7023,8
7024,9
7025,10
7026,9
7027,3
7028,1
7029,6
7030,3
7031,3
7032,2
7033,11
7034,7
7035,7
7036,3
7037,7
7038,7
7039,1
7040,1
7041,9
7042,3
7043,2
7044,8
7045,9
7046,7
7047,9
7048,4
7049,8
7050,1
7051,2
7052,2
7053,9
7054,2
7055,3
7056,6
7057,3
7058,2
7059,8
7060,1
7061,1
7062,11
7063,9
7064,7
7065,4
7066,7
7067,6
7068,7
7069,6
7070,10
7071,8
7072,3
7073,3
7074,1
7075,2
7076,3
7077,5
7078,1
7079,9
7080,7
7081,1
7082,11
7083,6
7084,1
7085,8
7086,9
7087,11
7088,4
7089,1
7090,11
7091,10
7092,8
7093,2
7094,2
7095,3
7096,1
7097,3
7098,11
7099,7
7100,9
7101,10
7102,3
7103,9
7104,9
7105,7
7106,9
7107,8
7108,7
7109,8
7110,1
7111,8
7112,6
7113,8
7114,10
7115,8
7116,7
7117,8
7118,3
7119,9
7120,3
7121,2
7122,4
7123,4
7124,8
7125,11
7126,2
7127,1
7128,9
7129,11
7130,8
7131,10
7132,2
7133,10
7134,1
7135,10
7136,4
7137,9
7138,3
7139,6
7140,11
7141,3
7142,10
7143,1
7144,7
7145,3
7146,10
7147,1
7148,1
7149,1
7150,10
7151,8
7152,10
7153,8
7154,8
7155,7
7156,1
7157,7
7158,5
7159,9
7160,1
7161,11
7162,9
7163,4
7164,2
7165,2
7166,8
7167,1
7168,2
7169,3
7170,9
7171,8
7172,3
7173,11
7174,7
7175,5
7176,9
7177,3
7178,2
7179,4
7180,11
7181,5
7182,2
7183,6
7184,11
7185,2
7186,3
7187,10
7188,2
7189,11
7190,10
7191,3
7192,3
7193,4
7194,11
7195,3
7196,3
7197,11
7198,1
7199,1
7200,1
7201,4
7202,2
7203,7
7204,9
7205,8
7206,7
7207,9
7208,9
7209,4
7210,7
7211,8
7212,1
7213,1
7214,11
7215,7
7216,6
7217,2
7218,3
7219,8
7220,1
7221,9
7222,1
7223,9
7224,3
7225,10
7226,8
7227,8
7228,7
7229,3
7230,1
7231,10
7232,9
7233,2
7234,3
7235,6
7236,1
7237,10
7238,8
7239,8
7240,2
7241,11
7242,1
7243,9
7244,8
7245,1
7246,1
7247,8
7248,8
7249,6
7250,10
7251,7
7252,7
7253,1
7254,2
7255,9
7256,10
7257,7
7258,6
7259,9
7260,6
7261,9
7262,10
7263,4
7264,1
7265,7
7266,8
7267,6
7268,1
7269,1
7270,7
7271,8
7272,9
7273,8
7274,7
7275,4
7276,2
7277,10
7278,4
7279,7
7280,10
7281,9
7282,11
7283,3
7284,8
7285,2
7286,7
7287,9
7288,10
7289,2
7290,11
7291,3
7292,2
7293,10
7294,10
7295,9
7296,3
7297,8
7298,4
7299,8
7300,10
7301,8
7302,2
7303,1
7304,3
7305,10
7306,1
7307,3
7308,2
7309,6
7310,4
7311,9
7312,11
7313,6
7314,8
7315,7
7316,10
7317,7
7318,3
7319,8
7320,3
7321,6
7322,9
7323,2
7324,3
7325,2
7326,8
7327,10
7328,1
7329,2
7330,2
7331,8
7332,1
7333,3
7334,8
7335,10
7336,3
7337,3
7338,7
7339,1
7340,4
7341,2
7342,1
7343,9
7344,7
7345,3
7346,2
7347,1
7348,8
7349,9
7350,3
7351,10
7352,7
7353,4
7354,1
7355,10
7356,1
7357,4
7358,1
7359,3
7360,9
7361,3
7362,1
7363,11
7364,2
7365,7
7366,2
7367,8
7368,7
7369,10
7370,1
7371,1
7372,11
7373,1
7374,1
7375,9
7376,7
7377,1
7378,3
7379,3
7380,1
7381,11
7382,3
7383,9
7384,1
7385,8
7386,3
7387,3
7388,4
7389,6
7390,4
7391,2
7392,7
7393,3
7394,3
7395,10
7396,1
7397,3
7398,10
7399,8
7400,11
7401,4
7402,2
7403,9
7404,1
7405,6
7406,8
7407,9
7408,2
7409,6
7410,7
7411,10
7412,1
7413,2
7414,3
7415,3
7416,3
7417,2
7418,8
7419,3
7420,3
7421,2
7422,2
7423,6
7424,11
7425,1
7426,9
7427,1
7428,8
7429,8
7430,9
7431,9
7432,7
7433,10
7434,8
7435,10
7436,1
7437,8
7438,1
7439,4
7440,3
7441,8
7442,10
7443,8
7444,9
7445,4
7446,2
7447,1
7448,4
7449,8
7450,4
7451,8
7452,1
7453,2
7454,2
7455,3
7456,7
7457,1
7458,2
7459,8
7460,7
7461,10
7462,1
7463,7
7464,9
7465,7
7466,3
7467,2
7468,9
7469,8
7470,1
7471,9
7472,6
7473,4
7474,4
7475,11
7476,7
7477,2
7478,2
7479,3
7480,11
7481,2
7482,8
7483,10
7484,2
7485,3
7486,1
7487,3
7488,8
7489,1
7490,10
7491,10
7492,10
7493,1
7494,9
7495,3
7496,3
7497,10
7498,4
7499,7
7500,8
7501,4
7502,10
7503,4
7504,3
7505,5
7506,1
7507,1
7508,7
7509,8
7510,4
7511,7
7512,8
7513,8
7514,10
7515,2
7516,3
7517,9
7518,10
7519,2
7520,6
7521,8
7522,8
7523,3
7524,8
7525,10
7526,1
7527,2
7528,9
7529,2
7530,2
7531,7
7532,3
7533,3
7534,4
7535,2
7536,7
7537,9
7538,2
7539,1
7540,2
7541,9
7542,10
7543,1
7544,3
7545,6
7546,2
7547,8
7548,2
7549,5
7550,8
7551,2
7552,1
7553,3
7554,4
7555,8
7556,2
7557,3
7558,3
7559,3
7560,3
7561,3
7562,1
7563,11
7564,8
7565,2
7566,4
7567,10
7568,1
7569,3
7570,2
7571,9
7572,8
7573,11
7574,2
7575,1
7576,9
7577,1
7578,2
7579,6
7580,2
7581,10
7582,2
7583,10
7584,4
7585,1
7586,7
7587,10
7588,1
7589,11
7590,2
7591,9
7592,1
7593,2
7594,7
7595,4
7596,1
7597,1
7598,3
7599,11
7600,7
7601,9
7602,11
7603,4
7604,11
7605,1
7606,7
7607,9
7608,10
7609,8
7610,11
7611,3
7612,9
7613,3
7614,8
7615,8
7616,11
7617,3
7618,8
7619,9
7620,5
7621,9
7622,3
7623,8
7624,6
7625,8
7626,8
7627,7
7628,10
7629,9
7630,10
7631,2
7632,10
7633,10
7634,4
7635,1
7636,3
7637,2
7638,9
7639,2
7640,2
7641,7
7642,6
7643,1
7644,11
7645,7
7646,10
7647,3
7648,1
7649,5
7650,7
7651,3
7652,3
7653,3
7654,4
7655,4
7656,2
7657,3
7658,1
7659,9
7660,2
7661,7
7662,10
7663,7
7664,7
7665,2
7666,10
7667,7
7668,8
7669,11
7670,8
7671,9
7672,7
7673,3
7674,3
7675,9
7676,8
7677,4
7678,1
7679,7
7680,1
7681,10
7682,2
7683,3
7684,9
7685,2
7686,1
7687,2
7688,3
7689,11
7690,1
7691,7
7692,2
7693,1
7694,2
7695,8
7696,9
7697,8
7698,10
7699,9
7700,9
7701,8
7702,6
7703,4
7704,8
7705,7
7706,11
7707,9
7708,8
7709,1
7710,3
7711,2
7712,2
7713,8
7714,7
7715,8
7716,10
7717,4
7718,9
7719,7
7720,11
7721,8
7722,1
7723,2
7724,2
7725,1
7726,1
7727,9
7728,2
7729,1
7730,6
7731,8
7732,10
7733,9
7734,7
7735,8
7736,11
7737,4
7738,4
7739,7
7740,10
7741,1
7742,1
7743,1
7744,9
7745,10
7746,9
7747,8
7748,2
7749,11
7750,11
7751,6
7752,11
7753,2
7754,8
7755,7
7756,8
7757,10
7758,8
7759,1
7760,8
7761,3
7762,9
7763,11
7764,7
7765,2
7766,8
7767,4
7768,9
7769,7
7770,8
7771,8
7772,1
7773,8
7774,8
7775,10
7776,9
7777,9
7778,10
7779,1
7780,1
7781,9
7782,1
7783,11
7784,2
7785,8
7786,6
7787,7
7788,7
7789,2
7790,8
7791,9
7792,4
7793,5
7794,9
7795,10
7796,8
7797,10
7798,3
7799,1
7800,1
7801,8
7802,2
7803,10
7804,7
7805,4
7806,7
7807,2
7808,1
7809,1
7810,9
7811,9
7812,9
7813,9
7814,2
7815,7
7816,11
7817,8
7818,8
7819,7
7820,3
7821,8
7822,2
7823,4
7824,7
7825,10
7826,10
7827,4
7828,1
7829,4
7830,11
7831,2
7832,4
7833,7
7834,8
7835,2
7836,3
7837,1
7838,9
7839,8
7840,7
7841,9
7842,6
7843,9
7844,7
7845,1
7846,10
7847,10
7848,7
7849,9
7850,1
7851,9
7852,11
7853,6
7854,3
7855,10
7856,4
7857,3
7858,7
7859,5
7860,11
7861,8
7862,10
7863,3
7864,1
7865,6
7866,9
7867,10
7868,2
7869,3
7870,8
7871,7
7872,8
7873,3
7874,9
7875,1
7876,2
7877,3
7878,9
7879,3
7880,4
7881,2
7882,9
7883,3
7884,1
7885,2
7886,2
7887,10
7888,3
7889,1
7890,8
7891,4
7892,10
7893,9
7894,3
7895,11
7896,4
7897,8
7898,11
7899,2
7900,11
7901,6
7902,6
7903,8
7904,7
7905,7
7906,9
7907,2
7908,10
7909,2
7910,4
7911,2
7912,7
7913,4
7914,2
7915,7
7916,10
7917,11
7918,1
7919,1
7920,2
7921,2
7922,3
7923,8
7924,7
7925,10
7926,9
7927,2
7928,1
7929,1
7930,10
7931,2
7932,2
7933,11
7934,1
7935,6
7936,1
7937,11
7938,1
7939,4
7940,7
7941,7
7942,2
7943,2
7944,11
7945,1
7946,3
7947,10
7948,4
7949,7
7950,8
7951,4
7952,9
7953,9
7954,2
7955,9
7956,8
7957,9
7958,1
7959,4
7960,8
7961,2
7962,1
7963,6
7964,9
7965,8
7966,1
7967,7
7968,4
7969,2
7970,4
7971,1
7972,7
7973,9
7974,2
7975,9
7976,4
7977,8
7978,9
7979,3
7980,9
7981,2
7982,7
7983,1
7984,7
7985,11
7986,7
7987,8
7988,11
7989,11
7990,6
7991,3
7992,7
7993,9
7994,11
7995,1
7996,4
7997,9
7998,2
7999,2
8000,10
8001,3
8002,3
8003,9
8004,2
8005,7
8006,11
8007,10
8008,7
8009,1
8010,1
8011,9
8012,11
8013,1
8014,9
8015,3
8016,2
8017,9
8018,9
8019,7
8020,11
8021,7
8022,1
8023,2
8024,1
8025,4
8026,9
8027,8
8028,10
8029,8
8030,3
8031,3
8032,1
8033,4
8034,1
8035,8
8036,2
8037,8
8038,9
8039,7
8040,7
8041,10
8042,1
8043,3
8044,8
8045,9
8046,9
8047,9
8048,1
8049,8
8050,9
8051,2
8052,1
8053,9
8054,1
8055,1
8056,9
8057,11
8058,4
8059,1
8060,10
8061,8
8062,9
8063,7
8064,11
8065,7
8066,4
8067,9
8068,7
8069,1
8070,7
8071,4
8072,3
8073,11
8074,10
8075,5
8076,1
8077,1
8078,8
8079,2
8080,8
8081,3
8082,2
8083,10
8084,7
8085,2
8086,10
8087,2
8088,2
8089,4
8090,6
8091,11
8092,8
8093,9
8094,9
8095,11
8096,8
8097,10
8098,8
8099,3
8100,1
8101,10
8102,10
8103,11
8104,1
8105,1
8106,6
8107,2
8108,2
8109,8
8110,10
8111,10
8112,10
8113,6
8114,10
8115,10
8116,11
8117,1
8118,11
8119,8
8120,5
8121,1
8122,1
8123,10
8124,1
8125,1
8126,7
8127,8
8128,10
8129,9
8130,2
8131,8
8132,4
8133,3
8134,9
8135,11
8136,2
8137,4
8138,9
8139,10
8140,11
8141,4
8142,8
8143,9
8144,7
8145,7
8146,11
8147,8
8148,8
8149,9
8150,8
8151,1
8152,2
8153,10
8154,7
8155,11
8156,7
8157,10
8158,9
8159,7
8160,2
8161,1
8162,4
8163,10
8164,3
8165,3
8166,7
8167,2
8168,11
8169,8
8170,8
8171,3
8172,6
8173,10
8174,2
8175,1
8176,6
8177,2
8178,2
8179,1
8180,11
8181,8
8182,1
8183,1
8184,10
8185,4
8186,11
8187,8
8188,1
8189,10
8190,8
8191,1
8192,9
8193,10
8194,10
8195,1
8196,3
8197,9
8198,10
8199,10
8200,7
8201,10
8202,4
8203,4
8204,2
8205,1
8206,7
8207,8
8208,10
8209,9
8210,3
8211,9
8212,1
8213,3
8214,7
8215,9
8216,1
8217,11
8218,4
8219,7
8220,1
8221,9
8222,9
8223,7
8224,8
8225,3
8226,11
8227,10
8228,2
8229,8
8230,8
8231,7
8232,1
8233,10
8234,7
8235,7
8236,1
8237,3
8238,4
8239,10
8240,2
8241,7
8242,2
8243,2
8244,4
8245,7
8246,9
8247,4
8248,3
8249,2
8250,4
8251,1
8252,9
8253,9
8254,3
8255,7
8256,9
8257,2
8258,10
8259,4
8260,2
8261,9
8262,11
8263,11
8264,8
8265,7
8266,7
8267,3
8268,9
8269,10
8270,3
8271,8
8272,2
8273,4
8274,9
8275,10
8276,11
8277,1
8278,3
8279,3
8280,9
8281,3
8282,7
8283,8
8284,2
8285,2
8286,4
8287,2
8288,3
8289,11
8290,9
8291,2
8292,4
8293,10
8294,1
8295,10
8296,1
8297,1
8298,9
8299,3
8300,10
8301,2
8302,4
8303,3
8304,10
8305,6
8306,11
8307,2
8308,6
8309,11
8310,11
8311,9
8312,7
8313,9
8314,8
8315,9
8316,1
8317,2
8318,2
8319,10
8320,1
8321,7
8322,2
8323,4
8324,7
8325,4
8326,9
8327,3
8328,2
8329,7
8330,4
8331,2
8332,7
8333,6
8334,7
8335,4
8336,3
8337,7
8338,3
8339,6
8340,4
8341,7
8342,11
8343,11
8344,3
8345,4
8346,1
8347,7
8348,7
8349,4
8350,10
8351,2
8352,4
8353,1
8354,10
8355,8
8356,11
8357,7
8358,9
8359,11
8360,8
8361,7
8362,3
8363,11
8364,10
8365,6
8366,11
8367,7
8368,7
8369,8
8370,2
8371,2
8372,6
8373,1
8374,7
8375,3
8376,1
8377,1
8378,8
8379,8
8380,8
8381,9
8382,4
8383,7
8384,4
8385,3
8386,1
8387,3
8388,7
8389,2
8390,7
8391,1
8392,4
8393,4
8394,1
8395,2
8396,2
8397,10
8398,8
8399,11
8400,6
8401,3
8402,10
8403,1
8404,11
8405,3
8406,9
8407,1
8408,3
8409,2
8410,7
8411,2
8412,9
8413,3
8414,3
8415,4
8416,1
8417,7
8418,2
8419,6
8420,8
8421,10
8422,3
8423,2
8424,1
8425,8
8426,4
8427,4
8428,9
8429,11
8430,8
8431,2
8432,9
8433,2
8434,8
8435,11
8436,4
8437,2
8438,2
8439,10
8440,7
8441,1
8442,3
8443,11
8444,9
8445,10
8446,8
8447,9
8448,7
8449,7
8450,7
8451,2
8452,3
8453,1
8454,8
8455,3
8456,7
8457,4
8458,1
8459,6
8460,10
8461,9
8462,8
8463,7
8464,11
8465,10
8466,3
8467,3
8468,10
8469,11
8470,2
8471,9
8472,2
8473,11
8474,3
8475,1
8476,1
8477,11
8478,8
8479,2
8480,9
8481,3
8482,2
8483,8
8484,3
8485,7
8486,2
8487,4
8488,10
8489,2
8490,7
8491,9
8492,9
8493,3
8494,9
8495,7
8496,6
8497,2
8498,10
8499,10
8500,7
8501,1
8502,7
8503,11
8504,3
8505,2
8506,4
8507,8
8508,10
8509,7
8510,10
8511,3
8512,2
8513,6
8514,9
8515,10
8516,1
8517,1
8518,2
8519,3
8520,11
8521,6
8522,11
8523,7
8524,1
8525,10
8526,4
8527,10
8528,8
8529,6
8530,3
8531,10
8532,7
8533,3
8534,10
8535,9
8536,8
8537,4
8538,9
8539,7
8540,9
8541,3
8542,9
8543,3
8544,1
8545,9
8546,7
8547,4
8548,8
8549,8
8550,1
8551,6
8552,8
8553,2
8554,2
8555,7
8556,1
8557,2
8558,1
8559,8
8560,11
8561,3
8562,7
8563,7
8564,10
8565,2
8566,8
8567,10
8568,11
8569,9
8570,9
8571,3
8572,3
8573,9
8574,1
8575,10
8576,7
8577,7
8578,4
8579,2
8580,3
8581,10
8582,3
8583,2
8584,11
8585,3
8586,1
8587,6
8588,8
8589,11
8590,9
8591,1
8592,9
8593,9
8594,1
8595,11
8596,8
8597,9
8598,3
8599,9
8600,1
8601,10
8602,3
8603,4
8604,9
8605,2
8606,9
8607,3
8608,10
8609,11
8610,7
8611,7
8612,3
8613,2
8614,9
8615,1
8616,9
8617,7
8618,10
8619,7
8620,8
8621,2
8622,2
8623,1
8624,2
8625,11
8626,1
8627,8
8628,10
8629,4
8630,3
8631,1
8632,10
8633,7
8634,1
8635,10
8636,1
8637,3
8638,4
8639,2
8640,10
8641,2
8642,8
8643,1
8644,4
8645,1
8646,2
8647,1
8648,9
8649,6
8650,10
8651,9
8652,9
8653,7
8654,4
8655,1
8656,8
8657,8
8658,11
8659,10
8660,8
8661,7
8662,1
8663,1
8664,8
8665,8
8666,7
8667,1
8668,9
8669,1
8670,8
8671,6
8672,7
8673,8
8674,11
8675,7
8676,8
8677,2
8678,2
8679,9
8680,7
8681,7
8682,5
8683,10
8684,3
8685,7
8686,2
8687,8
8688,3
8689,8
8690,9
8691,10
8692,3
8693,3
8694,10
8695,4
8696,2
8697,8
8698,4
8699,3
8700,8
8701,11
8702,10
8703,11
8704,11
8705,1
8706,10
8707,1
8708,7
8709,1
8710,10
8711,3
8712,1
8713,2
8714,10
8715,2
8716,7
8717,8
8718,3
8719,8
8720,4
8721,8
8722,3
8723,9
8724,2
8725,1
8726,8
8727,1
8728,1
8729,4
8730,7
8731,7
8732,2
8733,11
8734,8
8735,8
8736,3
8737,10
8738,8
8739,1
8740,3
8741,2
8742,7
8743,9
8744,1
8745,7
8746,8
8747,9
8748,3
8749,8
8750,8
8751,1
8752,1
8753,8
8754,4
8755,5
8756,3
8757,10
8758,9
8759,10
8760,1
8761,1
8762,4
8763,1
8764,2
8765,3
8766,9
8767,4
8768,3
8769,4
8770,3
8771,8
8772,1
8773,2
8774,11
8775,6
8776,2
8777,1
8778,1
8779,10
8780,1
8781,3
8782,2
8783,3
8784,6
8785,3
8786,2
8787,10
8788,3
8789,7
8790,10
8791,7
8792,3
8793,11
8794,10
8795,2
8796,7
8797,8
8798,10
8799,4
8800,2
8801,1
8802,7
8803,1
8804,9
8805,11
8806,3
8807,2
8808,2
8809,7
8810,7
8811,9
8812,8
8813,3
8814,4
8815,10
8816,9
8817,11
8818,1
8819,1
8820,1
8821,9
8822,1
8823,9
8824,7
8825,10
8826,4
8827,1
8828,10
8829,1
8830,7
8831,2
8832,7
8833,7
8834,2
8835,10
8836,7
8837,9
8838,8
8839,10
8840,2
8841,10
8842,8
8843,9
8844,1
8845,8
8846,10
8847,8
8848,1
8849,1
8850,3
8851,4
8852,9
8853,10
8854,10
8855,3
8856,3
8857,6
8858,2
8859,8
8860,1
8861,1
8862,10
8863,3
8864,10
8865,6
8866,1
8867,1
8868,9
8869,3
8870,11
8871,3
8872,10
8873,10
8874,8
8875,8
8876,1
8877,10
8878,10
8879,4
8880,1
8881,4
8882,11
8883,1
8884,8
8885,9
8886,1
8887,7
8888,3
8889,10
8890,8
8891,6
8892,8
8893,3
8894,9
8895,7
8896,7
8897,7
8898,4
8899,8
8900,2
8901,9
8902,1
8903,8
8904,11
8905,8
8906,2
8907,11
8908,9
8909,9
8910,1
8911,7
8912,5
8913,2
8914,8
8915,3
8916,9
8917,10
8918,10
8919,1
8920,6
8921,10
8922,10
8923,2
8924,1
8925,7
8926,10
8927,4
8928,7
8929,10
8930,11
8931,9
8932,4
8933,10
8934,1
8935,10
8936,6
8937,3
8938,2
8939,8
8940,4
8941,2
8942,8
8943,7
8944,7
8945,6
8946,3
8947,2
8948,3
8949,2
8950,9
8951,9
8952,8
8953,1
8954,10
8955,9
8956,11
8957,3
8958,8
8959,3
8960,8
8961,1
8962,7
8963,2
8964,9
8965,2
8966,10
8967,9
8968,3
8969,9
8970,1
8971,4
8972,3
8973,1
8974,7
8975,7
8976,11
8977,9
8978,4
8979,6
8980,10
8981,1
8982,6
8983,11
8984,4
8985,10
8986,6
8987,10
8988,1
8989,9
8990,4
8991,2
8992,9
8993,2
8994,7
8995,8
8996,1
8997,3
8998,10
8999,1
9000,8
9001,3
9002,2
9003,9
9004,2
9005,10
9006,7
9007,3
9008,11
9009,9
9010,4
9011,2
9012,6
9013,4
9014,10
9015,3
9016,3
9017,1
9018,7
9019,4
9020,3
9021,2
9022,3
9023,3
9024,4
9025,10
9026,8
9027,10
9028,10
9029,9
9030,1
9031,7
9032,7
9033,1
9034,8
9035,9
9036,1
9037,7
9038,2
9039,3
9040,1
9041,1
9042,9
9043,8
9044,4
9045,4
9046,7
9047,11
9048,6
9049,4
9050,10
9051,10
9052,3
9053,1
9054,9
9055,7
9056,2
9057,10
9058,8
9059,4
9060,11
9061,3
9062,9
9063,1
9064,8
9065,3
9066,5
9067,10
9068,2
9069,1
9070,2
9071,9
9072,1
9073,6
9074,2
9075,9
9076,6
9077,3
9078,8
9079,2
9080,3
9081,9
9082,8
9083,9
9084,10
9085,6
9086,9
9087,1
9088,4
9089,10
9090,2
9091,11
9092,1
9093,5
9094,11
9095,3
9096,2
9097,8
9098,4
9099,3
9100,10
9101,10
9102,1
9103,10
9104,1
9105,10
9106,8
9107,3
9108,8
9109,9
9110,7
9111,2
9112,7
9113,2
9114,10
9115,2
9116,8
9117,2
9118,3
9119,3
9120,6
9121,10
9122,8
9123,4
9124,4
9125,3
9126,1
9127,8
9128,11
9129,9
9130,1
9131,10
9132,3
9133,1
9134,11
9135,7
9136,10
9137,3
9138,9
9139,2
9140,3
9141,1
9142,9
9143,8
9144,3
9145,9
9146,1
9147,7
9148,11
9149,10
9150,1
9151,7
9152,8
9153,6
9154,2
9155,11
9156,7
9157,9
9158,10
9159,2
9160,2
9161,8
9162,3
9163,8
9164,2
9165,10
9166,2
9167,10
9168,8
9169,9
9170,9
9171,1
9172,9
9173,9
9174,10
9175,9
9176,1
9177,8
9178,10
9179,7
9180,6
9181,10
9182,8
9183,3
9184,1
9185,7
9186,10
9187,7
9188,9
9189,8
9190,7
9191,4
9192,3
9193,10
9194,1
9195,2
9196,2
9197,9
9198,11
9199,3
9200,8
9201,10
9202,9
9203,8
9204,1
9205,4
9206,10
9207,1
9208,8
9209,4
9210,10
9211,11
9212,4
9213,1
9214,6
9215,1
9216,8
9217,1
9218,1
9219,3
9220,8
9221,1
9222,7
9223,7
9224,9
9225,8
9226,1
9227,2
9228,9
9229,2
9230,11
9231,10
9232,1
9233,10
9234,2
9235,2
9236,9
9237,9
9238,3
9239,8
9240,10
9241,8
9242,3
9243,1
9244,7
9245,2
9246,3
9247,10
9248,3
9249,2
9250,8
9251,8
9252,8
9253,9
9254,4
9255,10
9256,8
9257,9
9258,11
9259,1
9260,10
9261,9
9262,8
9263,11
9264,3
9265,2
9266,7
9267,1
9268,9
9269,9
9270,6
9271,10
9272,7
9273,11
9274,1
9275,10
9276,5
9277,4
9278,9
9279,4
9280,3
9281,4
9282,8
9283,8
9284,10
9285,3
9286,9
9287,7
9288,10
9289,3
9290,6
9291,2
9292,10
9293,3
9294,3
9295,4
9296,5
9297,11
9298,8
9299,2
9300,2
9301,2
9302,2
9303,1
9304,7
9305,3
9306,8
9307,1
9308,11
9309,2
9310,9
9311,2
9312,1
9313,8
9314,9
9315,10
9316,1
9317,2
9318,2
9319,7
9320,10
9321,9
9322,2
9323,1
9324,8
9325,11
9326,8
9327,4
9328,7
9329,7
9330,2
9331,10
9332,1
9333,2
9334,11
9335,7
9336,9
9337,9
9338,2
9339,8
9340,1
9341,7
9342,1
9343,11
9344,8
9345,9
9346,8
9347,9
9348,7
9349,10
9350,3
9351,7
9352,10
9353,7
9354,2
9355,1
9356,6
9357,4
9358,3
9359,10
9360,8
9361,1
9362,9
9363,2
9364,7
9365,8
9366,10
9367,4
9368,4
9369,2
9370,5
9371,9
9372,8
9373,11
9374,8
9375,1
9376,11
9377,1
9378,3
9379,8
9380,2
9381,1
9382,1
9383,3
9384,11
9385,3
9386,11
9387,8
9388,3
9389,10
9390,2
9391,2
9392,2
9393,9
9394,9
9395,10
9396,1
9397,2
9398,2
9399,11
9400,7
9401,10
9402,7
9403,10
9404,1
9405,7
9406,2
9407,11
9408,4
9409,2
9410,7
9411,8
9412,2
9413,8
9414,8
9415,10
9416,4
9417,9
9418,11
9419,10
9420,11
9421,11
9422,11
9423,8
9424,10
9425,7
9426,11
9427,7
9428,9
9429,4
9430,2
9431,4
9432,10
9433,3
9434,7
9435,11
9436,9
9437,9
9438,4
9439,10
9440,5
9441,4
9442,9
9443,11
9444,9
9445,9
9446,2
9447,2
9448,1
9449,11
9450,10
9451,7
9452,2
9453,9
9454,1
9455,1
9456,6
9457,10
9458,1
9459,7
9460,3
9461,7
9462,9
9463,1
9464,8
9465,1
9466,4
9467,7
9468,2
9469,11
9470,1
9471,4
9472,8
9473,11
9474,10
9475,7
9476,7
9477,10
9478,1
9479,8
9480,3
9481,4
9482,8
9483,7
9484,3
9485,2
9486,1
9487,1
9488,1
9489,9
9490,9
9491,3
9492,11
9493,7
9494,8
9495,1
9496,9
9497,11
9498,2
9499,7
9500,1
9501,7
9502,9
9503,6
9504,4
9505,1
9506,4
9507,2
9508,10
9509,11
9510,8
9511,10
9512,8
9513,5
9514,2
9515,11
9516,11
9517,9
9518,1
9519,8
9520,6
9521,7
9522,4
9523,1
9524,10
9525,10
9526,3
9527,1
9528,9
9529,10
9530,7
9531,1
9532,8
9533,7
9534,1
9535,7
9536,8
9537,8
9538,11
9539,1
9540,1
9541,4
9542,8
9543,11
9544,2
9545,3
9546,3
9547,3
9548,10
9549,1
9550,2
9551,2
9552,3
9553,8
9554,10
9555,8
9556,8
9557,2
9558,2
9559,6
9560,2
9561,3
9562,2
9563,4
9564,1
9565,10
9566,8
9567,2
9568,3
9569,7
9570,9
9571,1
9572,3
9573,3
9574,11
9575,8
9576,6
9577,9
9578,7
9579,4
9580,9
9581,7
9582,4
9583,1
9584,4
9585,11
9586,8
9587,3
9588,1
9589,2
9590,2
9591,4
9592,2
9593,4
9594,10
9595,9
9596,9
9597,6
9598,7
9599,1
9600,11
9601,2
9602,8
9603,2
9604,8
9605,8
9606,8
9607,2
9608,11
9609,8
9610,9
9611,6
9612,9
9613,9
9614,7
9615,9
9616,8
9617,4
9618,3
9619,2
9620,10
9621,1
9622,1
9623,10
9624,2
9625,7
9626,3
9627,9
9628,8
9629,9
9630,2
9631,7
9632,8
9633,8
9634,9
9635,7
9636,10
9637,2
9638,1
9639,4
9640,1
9641,2
9642,11
9643,9
9644,10
9645,9
9646,8
9647,2
9648,7
9649,2
9650,2
9651,3
9652,4
9653,9
9654,8
9655,2
9656,6
9657,8
9658,7
9659,1
9660,4
9661,9
9662,8
9663,4
9664,6
9665,2
9666,11
9667,2
9668,6
9669,3
9670,7
9671,4
9672,8
9673,3
9674,1
9675,1
9676,9
9677,10
9678,2
9679,1
9680,1
9681,2
9682,7
9683,11
9684,3
9685,4
9686,11
9687,7
9688,8
9689,7
9690,9
9691,3
9692,9
9693,3
9694,8
9695,7
9696,1
9697,4
9698,3
9699,7
9700,3
9701,3
9702,2
9703,6
9704,3
9705,2
9706,1
9707,8
9708,1
9709,7
9710,3
9711,11
9712,2
9713,1
9714,5
9715,1
9716,8
9717,11
9718,10
9719,7
9720,8
9721,1
9722,7
9723,1
9724,6
9725,7
9726,9
9727,8
9728,4
9729,9
9730,10
9731,4
9732,2
9733,8
9734,1
9735,7
9736,2
9737,4
9738,3
9739,3
9740,11
9741,2
9742,3
9743,3
9744,3
9745,1
9746,8
9747,8
9748,9
9749,3
9750,1
9751,9
9752,4
9753,3
9754,8
9755,1
9756,4
9757,7
9758,2
9759,2
9760,8
9761,10
9762,4
9763,3
9764,2
9765,2
9766,2
9767,8
9768,3
9769,7
9770,8
9771,1
9772,10
9773,2
9774,1
9775,2
9776,3
9777,8
9778,8
9779,8
9780,6
9781,10
9782,9
9783,6
9784,7
9785,10
9786,11
9787,3
9788,9
9789,3
9790,3
9791,11
9792,11
9793,1
9794,1
9795,6
9796,6
9797,1
9798,1
9799,10
9800,2
9801,3
9802,8
9803,7
9804,11
9805,1
9806,10
9807,2
9808,3
9809,9
9810,8
9811,4
9812,6
9813,1
9814,6
9815,2
9816,1
9817,10
9818,2
9819,8
9820,1
9821,1
9822,2
9823,4
9824,7
9825,1
9826,7
9827,1
9828,7
9829,4
9830,8
9831,7
9832,8
9833,10
9834,4
9835,2
9836,9
9837,3
9838,8
9839,9
9840,7
9841,10
9842,3
9843,9
9844,2
9845,10
9846,2
9847,8
9848,11
9849,3
9850,7
9851,9
9852,7
9853,3
9854,8
9855,11
9856,8
9857,10
9858,7
9859,2
9860,2
9861,11
9862,1
9863,2
9864,11
9865,1
9866,1
9867,7
9868,10
9869,10
9870,8
9871,6
9872,7
9873,1
9874,2
9875,9
9876,10
9877,3
9878,7
9879,10
9880,5
9881,4
9882,7
9883,11
9884,7
9885,11
9886,1
9887,8
9888,9
9889,2
9890,1
9891,7
9892,6
9893,3
9894,3
9895,8
9896,4
9897,2
9898,2
9899,7
9900,2
9901,6
9902,3
9903,8
9904,11
9905,3
9906,9
9907,10
9908,11
9909,10
9910,1
9911,7
9912,8
9913,2
9914,3
9915,1
9916,9
9917,10
9918,11
9919,10
9920,8
9921,7
9922,3
9923,8
9924,1
9925,9
9926,3
9927,9
9928,7
9929,2
9930,7
9931,11
9932,3
9933,8
9934,7
9935,7
9936,1
9937,11
9938,11
9939,3
9940,2
9941,8
9942,10
9943,7
9944,3
9945,3
9946,6
9947,4
9948,11
9949,9
9950,1
9951,9
9952,8
9953,4
9954,7
9955,9
9956,7
9957,11
9958,9
9959,9
9960,8
9961,11
9962,10
9963,1
9964,3
9965,10
9966,10
9967,7
9968,1
9969,7
9970,2
9971,6
9972,11
9973,7
9974,4
9975,9
9976,9
9977,8
9978,7
9979,4
9980,3
9981,2
9982,10
9983,1
9984,1
9985,9
9986,8
9987,8
9988,1
9989,8
9990,4
9991,3
9992,2
9993,9
9994,1
9995,2
9996,1
9997,1
9998,10
9999,9
10000,1
10001,7
10002,11
10003,1
10004,7
10005,1
10006,6
10007,9
10008,1
10009,10
10010,4
10011,10
10012,2
10013,11
10014,2
10015,3
10016,4
10017,1
10018,2
10019,11
10020,8
10021,6
10022,2
10023,7
10024,10
10025,1
10026,3
10027,1
10028,2
10029,8
10030,10
10031,8
10032,4
10033,2
10034,1
10035,7
10036,2
10037,7
10038,9
10039,2
10040,3
10041,6
10042,10
10043,2
10044,10
10045,1
10046,2
10047,8
10048,8
10049,9
10050,3
10051,8
10052,11
10053,2
10054,10
10055,1
10056,7
10057,4
10058,3
10059,8
10060,9
10061,1
10062,11
10063,6
10064,9
10065,8
10066,9
10067,1
10068,8
10069,4
10070,7
10071,1
10072,2
10073,1
10074,2
10075,2
10076,2
10077,4
10078,10
10079,5
10080,3
10081,9
10082,2
10083,8
10084,7
10085,4
10086,11
10087,2
10088,2
10089,3
10090,9
10091,2
10092,1
10093,7
10094,8
10095,8
10096,11
10097,9
10098,3
10099,3
10100,1
10101,1
10102,7
10103,3
10104,7
10105,2
10106,4
10107,8
10108,1
10109,8
10110,9
10111,1
10112,8
10113,3
10114,3
10115,8
10116,8
10117,11
10118,8
10119,7
10120,7
10121,7
10122,8
10123,1
10124,2
10125,8
10126,1
10127,7
10128,6
10129,2
10130,9
10131,3
10132,1
10133,3
10134,1
10135,10
10136,6
10137,3
10138,10
10139,7
10140,6
10141,1
10142,1
10143,10
10144,7
10145,10
10146,7
10147,8
10148,1
10149,8
10150,2
10151,4
10152,4
10153,3
10154,11
10155,2
10156,10
10157,10
10158,3
10159,8
10160,4
10161,10
10162,8
10163,9
10164,2
10165,8
10166,8
10167,7
10168,4
10169,3
10170,7
10171,2
10172,1
10173,9
10174,8
10175,10
10176,7
10177,11
10178,3
10179,1
10180,2
10181,8
10182,1
10183,3
10184,3
10185,1
10186,7
10187,9
10188,8
10189,2
10190,2
10191,9
10192,9
10193,2
10194,4
10195,8
10196,3
10197,7
10198,2
10199,11
10200,1
10201,6
10202,8
10203,2
10204,3
10205,6
10206,9
10207,10
10208,4
10209,2
10210,9
10211,10
10212,1
10213,7
10214,4
10215,3
10216,4
10217,2
10218,10
10219,6
10220,3
10221,11
10222,9
10223,8
10224,10
10225,2
10226,3
10227,8
10228,7
10229,4
10230,2
10231,10
10232,7
10233,7
10234,4
10235,4
10236,3
10237,6
10238,2
10239,9
10240,7
10241,2
10242,10
10243,7
10244,4
10245,1
10246,8
10247,3
10248,9
10249,9
10250,10
10251,10
10252,8
10253,7
10254,7
10255,3
10256,2
10257,10
10258,10
10259,11
10260,1
10261,1
10262,4
10263,1
10264,3
10265,1
10266,10
10267,9
10268,10
10269,7
10270,7
10271,2
10272,10
10273,8
10274,8
10275,4
10276,3
10277,1
10278,2
10279,7
10280,11
10281,1
10282,7
10283,10
10284,1
10285,11
10286,3
10287,8
10288,10
10289,4
10290,3
10291,10
10292,9
10293,1
10294,1
10295,7
10296,6
10297,4
10298,7
10299,1
10300,8
10301,9
10302,2
10303,3
10304,5
10305,2
10306,4
10307,9
10308,7
10309,2
10310,8
10311,8
10312,8
10313,7
10314,8
10315,7
10316,4
10317,2
10318,2
10319,8
10320,8
10321,1
10322,9
10323,11
10324,7
10325,9
10326,4
10327,11
10328,1
10329,3
10330,11
10331,1
10332,11
10333,11
10334,10
10335,2
10336,7
10337,11
10338,4
10339,2
10340,8
10341,2
10342,7
10343,1
10344,9
10345,3
10346,6
10347,1
10348,8
10349,8
10350,4
10351,3
10352,11
10353,3
10354,8
10355,6
10356,10
10357,11
10358,8
10359,1
10360,6
10361,1
10362,6
10363,3
10364,10
10365,9
10366,3
10367,10
10368,11
10369,10
10370,4
10371,7
10372,8
10373,11
10374,7
10375,10
10376,9
10377,8
10378,10
10379,6
10380,9
10381,1
10382,4
10383,11
10384,3
10385,9
10386,9
10387,2
10388,7
10389,8
10390,2
10391,2
10392,10
10393,3
10394,1
10395,1
10396,2
10397,7
10398,2
10399,11
10400,9
10401,2
10402,4
10403,10
10404,1
10405,7
10406,3
10407,10
10408,10
10409,8
10410,4
10411,7
10412,3
10413,8
10414,10
10415,7
10416,1
10417,1
10418,4
10419,4
10420,9
10421,3
10422,8
10423,1
10424,10
10425,7
10426,7
10427,1
10428,10
10429,3
10430,11
10431,4
10432,1
10433,9
10434,3
10435,1
10436,7
10437,3
10438,10
10439,2
10440,9
10441,9
10442,8
10443,8
10444,2
10445,4
10446,1
10447,1
10448,7
10449,1
10450,9
10451,2
10452,3
10453,9
10454,1
10455,9
10456,4
10457,1
10458,8
10459,3
10460,2
10461,2
10462,1
10463,2
10464,8
10465,2
10466,2
10467,8
10468,3
10469,9
10470,3
10471,9
10472,9
10473,9
10474,4
10475,11
10476,1
10477,1
10478,4
10479,9
10480,10
10481,11
10482,11
10483,9
10484,5
10485,2
10486,7
10487,8
10488,8
10489,11
10490,6
10491,7
10492,8
10493,3
10494,1
10495,1
10496,8
10497,7
10498,8
10499,10
10500,10
10501,3
10502,2
10503,6
10504,9
10505,4
10506,2
10507,9
10508,3
10509,10
10510,10
10511,2
10512,2
10513,11
10514,2
10515,3
10516,1
10517,3
10518,2
10519,1
10520,3
10521,4
10522,2
10523,1
10524,10
10525,6
10526,1
10527,3
10528,1
10529,4
10530,8
10531,2
10532,7
10533,8
10534,1
10535,7
10536,10
10537,8
10538,3
10539,4
10540,3
10541,1
10542,2
10543,8
10544,3
10545,10
10546,1
10547,3
10548,11
10549,9
10550,2
10551,10
10552,6
10553,6
10554,7
10555,3
10556,10
10557,11
10558,8
10559,2
10560,10
10561,8
10562,1
10563,11
10564,8
10565,8
10566,8
10567,1
10568,6
10569,1
10570,7
10571,10
10572,1
10573,9
10574,2
10575,1
10576,6
10577,7
10578,11
10579,2
10580,3
10581,8
10582,3
10583,10
10584,11
10585,8
10586,4
10587,3
10588,1
10589,8
10590,11
10591,1
10592,4
10593,11
10594,10
10595,3
10596,9
10597,2
10598,11
10599,2
10600,8
10601,2
10602,2
10603,9
10604,10
10605,10
10606,7
10607,4
10608,8
10609,2
10610,7
10611,7
10612,7
10613,5
10614,4
10615,1
10616,2
10617,1
10618,9
10619,4
10620,8
10621,4
10622,10
10623,2
10624,6
10625,11
10626,3
10627,1
10628,3
10629,2
10630,9
10631,1
10632,9
10633,10
10634,8
10635,3
10636,6
10637,7
10638,3
10639,4
10640,8
10641,2
10642,11
10643,7
10644,2
10645,8
10646,8
10647,1
10648,11
10649,7
10650,3
10651,7
10652,8
10653,8
10654,1
10655,9
10656,8
10657,1
10658,2
10659,4
10660,3
10661,3
10662,8
10663,1
10664,10
10665,3
10666,1
10667,6
10668,1
10669,1
10670,7
10671,3
10672,9
10673,4
10674,4
10675,6
10676,11
10677,6
10678,9
10679,11
10680,3
10681,8
10682,1
10683,2
10684,3
10685,11
10686,2
10687,1
10688,8
10689,8
10690,7
10691,1
10692,7
10693,8
10694,2
10695,7
10696,2
10697,1
10698,8
10699,3
10700,2
10701,2
10702,7
10703,2
10704,4
10705,10
10706,8
10707,2
10708,4
10709,7
10710,8
10711,8
10712,4
10713,2
10714,8
10715,3
10716,2
10717,7
10718,1
10719,8
10720,2
10721,11
10722,4
10723,10
10724,11
10725,1
10726,2
10727,7
10728,1
10729,8
10730,8
10731,8
10732,2
10733,8
10734,6
10735,2
10736,3
10737,4
10738,10
10739,2
10740,7
10741,6
10742,1
10743,9
10744,7
10745,3
10746,11
10747,4
10748,7
10749,8
10750,1
10751,11
10752,1
10753,1
10754,9
10755,11
10756,3
10757,9
10758,7
10759,2
10760,7
10761,9
10762,4
10763,7
10764,7
10765,7
10766,9
10767,8
10768,10
10769,10
10770,7
10771,3
10772,4
10773,3
10774,11
10775,2
10776,3
10777,9
10778,6
10779,3
10780,2
10781,1
10782,10
10783,3
10784,1
10785,8
10786,9
10787,8
10788,2
10789,4
10790,11
10791,3
10792,4
10793,9
10794,1
10795,9
10796,7
10797,2
10798,7
10799,2
10800,1
10801,7
10802,3
10803,1
10804,2
10805,10
10806,9
10807,9
10808,3
10809,3
10810,8
10811,10
10812,10
10813,7
10814,1
10815,3
10816,9
10817,7
10818,1
10819,9
10820,2
10821,3
10822,9
10823,9
10824,9
10825,4
10826,7
10827,11
10828,6
10829,3
10830,7
10831,8
10832,10
10833,4
10834,10
10835,1
10836,3
10837,7
10838,2
10839,8
10840,1
10841,11
10842,10
10843,8
10844,10
10845,2
10846,1
10847,2
10848,8
10849,5
10850,8
10851,1
10852,9
10853,2
10854,10
10855,4
10856,6
10857,3
10858,2
10859,11
10860,3
10861,2
10862,1
10863,3
10864,10
10865,7
10866,7
10867,3
10868,1
10869,8
10870,10
10871,4
10872,8
10873,1
10874,1
10875,2
10876,8
10877,7
10878,9
10879,8
10880,8
10881,4
10882,10
10883,4
10884,6
10885,2
10886,3
10887,8
10888,10
10889,8
10890,3
10891,7
10892,3
10893,7
10894,10
10895,9
10896,2
10897,7
10898,1
10899,10
10900,9
10901,2
10902,8
10903,8
10904,7
10905,2
10906,8
10907,3
10908,7
10909,2
10910,3
10911,7
10912,3
10913,10
10914,10
10915,8
10916,7
10917,3
10918,6
10919,5
10920,1
10921,2
10922,1
10923,10
10924,2
10925,7
10926,8
10927,7
10928,9
10929,1
10930,3
10931,9
10932,1
10933,2
10934,10
10935,11
10936,2
10937,9
10938,1
10939,3
10940,11
10941,7
10942,10
10943,2
10944,3
10945,11
10946,8
10947,3
10948,9
10949,1
10950,1
10951,9
10952,11
10953,3
10954,9
10955,2
10956,8
10957,11
10958,1
10959,9
10960,11
10961,11
10962,1
10963,10
10964,9
10965,6
10966,1
10967,10
10968,2
10969,10
10970,7
10971,7
10972,3
10973,1
10974,3
10975,9
10976,1
10977,7
10978,9
10979,4
10980,10
10981,1
10982,9
10983,7
10984,7
10985,9
10986,11
10987,8
10988,1
10989,1
10990,7
10991,3
10992,11
10993,8
10994,4
10995,9
10996,11
10997,1
10998,2
10999,7
11000,1
11001,10
11002,11
11003,7
11004,1
11005,2
11006,2
11007,2
11008,7
11009,7
11010,8
11011,3
11012,1
11013,7
11014,11
11015,3
11016,1
11017,11
11018,3
11019,2
11020,8
11021,7
11022,1
11023,1
11024,9
11025,5
11026,8
11027,2
11028,11
11029,8
11030,8
11031,8
11032,3
11033,8
11034,4
11035,3
11036,4
11037,9
11038,7
11039,9
11040,2
11041,4
11042,10
11043,4
11044,9
11045,10
11046,4
11047,6
11048,9
11049,1
11050,3
11051,1
11052,8
11053,1
11054,2
11055,1
11056,2
11057,1
11058,7
11059,3
11060,4
11061,1
11062,10
11063,9
11064,3
11065,1
11066,7
11067,10
11068,10
11069,7
11070,1
11071,6
11072,10
11073,7
11074,3
11075,1
11076,8
11077,3
11078,8
11079,7
11080,6
11081,3
11082,3
11083,1
11084,7
11085,4
11086,7
11087,9
11088,10
11089,4
11090,7
11091,3
11092,3
11093,7
11094,10
11095,10
11096,2
11097,10
11098,10
11099,10
11100,7
11101,2
11102,1
11103,9
11104,9
11105,3
11106,7
11107,9
11108,6
11109,3
11110,11
11111,3
11112,3
11113,3
11114,9
11115,11
11116,6
11117,10
11118,4
11119,3
11120,11
11121,8
11122,8
11123,1
11124,7
11125,11
11126,9
11127,1
11128,9
11129,10
11130,11
11131,9
11132,1
11133,1
11134,8
11135,7
11136,7
11137,4
11138,2
11139,10
11140,3
11141,10
11142,8
11143,8
11144,7
11145,1
11146,3
11147,11
11148,8
11149,8
11150,7
11151,8
11152,10
11153,8
11154,1
11155,7
11156,8
11157,8
11158,9
11159,3
11160,4
11161,3
11162,7
11163,7
11164,7
11165,8
11166,8
11167,9
11168,10
11169,1
11170,3
11171,6
11172,10
11173,2
11174,11
11175,8
11176,1
11177,2
11178,2
11179,9
11180,10
11181,2
11182,1
11183,9
11184,10
11185,2
11186,7
11187,4
11188,6
11189,11
11190,4
11191,8
11192,8
11193,11
11194,6
11195,7
11196,3
11197,8
11198,6
11199,3
11200,3
11201,9
11202,1
11203,2
11204,11
11205,4
11206,1
11207,2
11208,4
11209,2
11210,2
11211,4
11212,7
11213,9
11214,2
11215,10
11216,7
11217,4
11218,8
11219,7
11220,4
11221,1
11222,3
11223,2
11224,8
11225,8
11226,10
11227,6
11228,9
11229,10
11230,8
11231,8
11232,9
11233,2
11234,11
11235,3
11236,11
11237,10
11238,11
11239,10
11240,8
11241,8
11242,7
11243,8
11244,1
11245,8
11246,11
11247,7
11248,10
11249,2
11250,9
11251,9
11252,1
11253,9
11254,8
11255,3
11256,1
11257,3
11258,1
11259,6
11260,9
11261,9
11262,11
11263,9
11264,1
11265,4
11266,4
11267,10
11268,9
11269,9
11270,4
11271,7
11272,3
11273,2
11274,2
11275,8
11276,10
11277,10
11278,5
11279,8
11280,1
11281,11
11282,4
11283,9
11284,8
11285,3
11286,9
11287,8
11288,1
11289,9
11290,8
11291,6
11292,2
11293,2
11294,7
11295,4
11296,9
11297,1
11298,3
11299,6
11300,1
11301,9
11302,10
11303,9
11304,7
11305,3
11306,10
11307,3
11308,9
11309,7
11310,8
11311,4
11312,1
11313,4
11314,1
11315,2
11316,9
11317,10
11318,4
11319,11
11320,3
11321,3
11322,8
11323,1
11324,7
11325,5
11326,7
11327,1
11328,9
11329,4
11330,2
11331,8
11332,3
11333,1
11334,2
11335,9
11336,7
11337,3
11338,3
11339,8
11340,8
11341,2
11342,7
11343,11
11344,3
11345,9
11346,3
11347,10
11348,6
11349,9
11350,1
11351,10
11352,7
11353,8
11354,3
11355,10
11356,3
11357,1
11358,1
11359,7
11360,1
11361,2
11362,7
11363,8
11364,9
11365,1
11366,2
11367,2
11368,10
11369,2
11370,10
11371,9
11372,3
11373,8
11374,10
11375,11
11376,10
11377,4
11378,11
11379,2
11380,3
11381,10
11382,10
11383,1
11384,11
11385,2
11386,1
11387,9
11388,7
11389,9
11390,9
11391,8
11392,2
11393,11
11394,1
11395,2
11396,8
11397,3
11398,2
11399,7
11400,2
11401,11
11402,2
11403,2
11404,3
11405,8
11406,3
11407,1
11408,8
11409,8
11410,9
11411,2
11412,9
11413,7
11414,5
11415,4
11416,1
11417,3
11418,1
11419,9
11420,7
11421,4
11422,1
11423,1
11424,11
11425,8
11426,8
11427,1
11428,8
11429,2
11430,8
11431,2
11432,3
11433,3
11434,2
11435,4
11436,4
11437,2
11438,7
11439,10
11440,2
11441,3
11442,1
11443,8
11444,3
11445,1
11446,8
11447,7
11448,2
11449,11
11450,2
11451,2
11452,2
11453,2
11454,1
11455,7
11456,8
11457,10
11458,10
11459,10
11460,1
11461,3
11462,9
11463,4
11464,9
11465,10
11466,11
11467,11
11468,3
11469,11
11470,4
11471,7
11472,1
11473,10
11474,4
11475,9
11476,10
11477,8
11478,3
11479,11
11480,7
11481,3
11482,10
11483,2
11484,1
11485,9
11486,10
11487,2
11488,9
11489,8
11490,7
11491,8
11492,2
11493,7
11494,1
11495,1
11496,9
11497,1
11498,2
11499,8
11500,2
11501,9
11502,8
11503,9
11504,2
11505,9
11506,1
11507,10
11508,7
11509,3
11510,9
11511,7
11512,1
11513,11
11514,8
11515,6
11516,2
11517,3
11518,9
11519,1
11520,9
11521,11
11522,3
11523,8
11524,7
11525,9
11526,8
11527,9
11528,11
11529,7
11530,9
11531,2
11532,10
11533,7
11534,3
11535,1
11536,3
11537,11
11538,2
11539,9
11540,8
11541,1
11542,10
11543,4
11544,3
11545,9
11546,3
11547,1
11548,7
11549,2
11550,1
11551,10
11552,8
11553,7
11554,8
11555,2
11556,11
11557,10
11558,2
11559,6
11560,2
11561,9
11562,2
11563,1
11564,2
11565,2
11566,2
11567,7
11568,7
11569,9
11570,7
11571,1
11572,11
11573,1
11574,8
11575,7
11576,1
11577,2
11578,1
11579,1
11580,9
11581,1
11582,10
11583,1
11584,8
11585,1
11586,11
11587,2
11588,9
11589,3
11590,7
11591,10
11592,8
11593,1
11594,5
11595,1
11596,2
11597,8
11598,9
11599,11
11600,1
11601,3
11602,2
11603,8
11604,9
11605,3
11606,2
11607,11
11608,7
11609,3
11610,3
11611,10
11612,3
11613,7
11614,6
11615,9
11616,8
11617,3
11618,3
11619,2
11620,2
11621,1
11622,8
11623,1
11624,3
11625,6
11626,2
11627,1
11628,8
11629,2
11630,6
11631,9
11632,7
11633,3
11634,1
11635,9
11636,8
11637,7
11638,11
11639,4
11640,10
11641,4
11642,3
11643,8
11644,7
11645,1
11646,2
11647,6
11648,9
11649,9
11650,1
11651,7
11652,9
11653,11
11654,9
11655,3
11656,1
11657,3
11658,9
11659,7
11660,7
11661,7
11662,11
11663,11
11664,10
11665,1
11666,4
11667,7
11668,2
11669,9
11670,3
11671,1
11672,3
11673,3
11674,9
11675,4
11676,1
11677,2
11678,4
11679,2
11680,8
11681,7
11682,8
11683,9
11684,11
11685,10
11686,10
11687,9
11688,1
11689,11
11690,5
11691,3
11692,1
11693,8
11694,1
11695,7
11696,3
11697,2
11698,2
11699,8
11700,3
11701,1
11702,2
11703,7
11704,7
11705,7
11706,1
11707,2
11708,3
11709,7
11710,2
11711,2
11712,8
11713,9
11714,3
11715,9
11716,7
11717,1
11718,1
11719,9
11720,8
11721,6
11722,8
11723,10
11724,1
11725,2
11726,11
11727,4
11728,6
11729,6
11730,9
11731,9
11732,10
11733,11
11734,9
11735,7
11736,3
11737,8
11738,8
11739,10
11740,3
11741,3
11742,2
11743,10
11744,10
11745,3
11746,3
11747,1
11748,4
11749,4
11750,3
11751,9
11752,1
11753,6
11754,1
11755,8
11756,10
11757,11
11758,7
11759,6
11760,2
11761,8
11762,1
11763,1
11764,6
11765,1
11766,1
11767,9
11768,2
11769,7
11770,3
11771,9
11772,2
11773,8
11774,10
11775,9
11776,7
11777,4
11778,2
11779,7
11780,1
11781,3
11782,3
11783,2
11784,4
11785,9
11786,11
11787,9
11788,1
11789,8
11790,7
11791,3
11792,8
11793,8
11794,2
11795,1
11796,8
11797,7
11798,1
11799,10
11800,2
11801,3
11802,7
11803,2
11804,9
11805,8
11806,1
11807,7
11808,7
11809,8
11810,8
11811,2
11812,9
11813,2
11814,2
11815,8
11816,8
11817,2
11818,9
11819,7
11820,8
11821,2
11822,4
11823,4
11824,2
11825,4
11826,1
11827,2
11828,3
11829,4
11830,11
11831,8
11832,7
11833,1
11834,9
11835,1
11836,1
11837,7
11838,8
11839,3
11840,8
11841,9
11842,3
11843,1
11844,5
11845,2
11846,2
11847,2
11848,11
11849,8
11850,6
11851,2
11852,10
11853,8
11854,7
11855,9
11856,10
11857,9
11858,3
11859,9
11860,7
11861,2
11862,1
11863,10
11864,9
11865,4
11866,4
11867,8
11868,1
11869,11
11870,7
11871,7
11872,1
11873,9
11874,2
11875,9
11876,3
11877,7
11878,6
11879,9
11880,7
11881,1
11882,2
11883,2
11884,2
11885,11
11886,9
11887,1
11888,1
11889,9
11890,9
11891,8
11892,1
11893,8
11894,10
11895,1
11896,9
11897,8
11898,9
11899,11
11900,10
11901,3
11902,9
11903,10
11904,7
11905,3
11906,1
11907,1
11908,8
11909,7
11910,3
11911,1
11912,6
11913,1
11914,1
11915,10
11916,9
11917,9
11918,3
11919,4
11920,9
11921,3
11922,4
11923,7
11924,8
11925,6
11926,4
11927,4
11928,6
11929,1
11930,4
11931,9
11932,2
11933,8
11934,9
11935,1
11936,11
11937,7
11938,7
11939,10
11940,10
11941,1
11942,11
11943,7
11944,2
11945,1
11946,3
11947,1
11948,8
11949,10
11950,8
11951,8
11952,1
11953,4
11954,8
11955,1
11956,9
11957,7
11958,1
11959,3
11960,4
11961,10
11962,1
11963,2
11964,1
11965,1
11966,3
11967,9
11968,1
11969,1
11970,11
11971,2
11972,2
11973,1
11974,11
11975,6
11976,8
11977,7
11978,9
11979,1
11980,1
11981,9
11982,1
11983,2
11984,11
11985,10
11986,6
11987,6
11988,10
11989,6
11990,7
11991,3
11992,2
11993,7
11994,7
11995,7
11996,9
11997,2
11998,9
11999,1
12000,1
12001,6
12002,2
12003,10
12004,8
12005,9
12006,8
12007,1
12008,3
12009,10
12010,4
12011,4
12012,4
12013,4
12014,10
12015,8
12016,1
12017,3
12018,1
12019,3
12020,3
12021,3
12022,7
12023,7
12024,8
12025,10
12026,4
12027,9
12028,3
12029,9
12030,8
12031,11
12032,9
12033,2
12034,10
12035,2
12036,9
12037,11
12038,7
12039,2
12040,11
12041,4
12042,2
12043,1
12044,10
12045,7
12046,8
12047,1
12048,2
12049,11
12050,2
12051,6
12052,1
12053,8
12054,11
12055,2
12056,3
12057,8
12058,9
12059,7
12060,7
12061,8
12062,11
12063,9
12064,11
12065,6
12066,2
12067,7
12068,2
12069,2
12070,9
12071,2
12072,7
12073,5
12074,9
12075,10
12076,10
12077,11
12078,9
12079,6
12080,5
12081,1
12082,1
12083,10
12084,9
12085,1
12086,11
12087,3
12088,10
12089,1
12090,3
12091,8
12092,6
12093,7
12094,11
12095,7
12096,8
12097,8
12098,2
12099,1
12100,1
12101,6
12102,2
12103,11
12104,2
12105,7
12106,9
12107,10
12108,7
12109,7
12110,1
12111,3
12112,8
12113,11
12114,11
12115,10
12116,9
12117,8
12118,10
12119,10
12120,9
12121,9
12122,10
12123,3
12124,2
12125,2
12126,4
12127,1
12128,11
12129,7
12130,8
12131,3
12132,7
12133,3
12134,8
12135,8
12136,8
12137,7
12138,9
12139,9
12140,7
12141,1
12142,11
12143,3
12144,9
12145,3
12146,1
12147,8
12148,7
12149,9
12150,1
12151,2
12152,2
12153,8
12154,3
12155,10
12156,3
12157,9
12158,1
12159,1
12160,3
12161,3
12162,1
12163,11
12164,9
12165,1
12166,2
12167,2
12168,2
12169,8
12170,9
12171,11
12172,1
12173,9
12174,11
12175,4
12176,6
12177,10
12178,6
12179,2
12180,1
12181,7
12182,2
12183,8
12184,10
12185,3
12186,10
12187,11
12188,8
12189,2
12190,3
12191,7
12192,8
12193,9
12194,7
12195,9
12196,1
12197,9
12198,2
12199,2
12200,3
12201,5
12202,3
12203,7
12204,9
12205,2
12206,3
12207,3
12208,2
12209,7
12210,9
12211,8
12212,6
12213,11
12214,1
12215,7
12216,9
12217,2
12218,8
12219,9
12220,3
12221,3
12222,2
12223,1
12224,10
12225,2
12226,10
12227,2
12228,6
12229,7
12230,3
12231,3
12232,3
12233,8
12234,8
12235,3
12236,3
12237,7
12238,10
12239,7
12240,4
12241,2
12242,7
12243,7
12244,3
12245,1
12246,11
12247,6
12248,1
12249,10
12250,3
12251,6
12252,1
12253,2
12254,2
12255,8
12256,8
12257,9
12258,1
12259,3
12260,4
12261,8
12262,1
12263,7
12264,4
12265,11
12266,2
12267,9
12268,2
12269,6
12270,7
12271,1
12272,1
12273,6
12274,6
12275,2
12276,6
12277,2
12278,1
12279,3
12280,10
12281,5
12282,3
12283,1
12284,11
12285,10
12286,6
12287,6
12288,9
12289,8
12290,8
12291,9
12292,8
12293,4
12294,11
12295,2
12296,2
12297,9
12298,8
12299,11
12300,9
12301,1
12302,8
12303,3
12304,11
12305,1
12306,11
12307,11
12308,2
12309,11
12310,4
12311,8
12312,7
12313,9
12314,2
12315,9
12316,7
12317,11
12318,1
12319,11
12320,8
12321,8
12322,2
12323,8
12324,4
12325,11
12326,4
12327,10
12328,2
12329,2
12330,3
12331,7
12332,2
12333,7
12334,2
12335,8
12336,1
12337,9
12338,1
12339,11
12340,3
12341,2
12342,1
12343,11
12344,10
12345,7
12346,8
12347,3
12348,11
12349,1
12350,8
12351,2
12352,7
12353,8
12354,11
12355,10
12356,9
12357,7
12358,2
12359,9
12360,10
12361,7
12362,7
12363,9
12364,11
12365,4
12366,2
12367,7
12368,8
12369,8
12370,2
12371,1
12372,6
12373,1
12374,3
12375,7
12376,6
12377,10
12378,2
12379,2
12380,8
12381,10
12382,2
12383,6
12384,2
12385,10
12386,9
12387,11
12388,8
12389,3
12390,8
12391,9
12392,9
12393,3
12394,3
12395,11
12396,3
12397,11
12398,3
12399,7
12400,3
12401,8
12402,10
12403,2
12404,8
12405,1
12406,8
12407,10
12408,10
12409,7
12410,9
12411,1
12412,11
12413,10
12414,11
12415,3
12416,2
12417,9
12418,4
12419,2
12420,3
12421,1
12422,9
12423,4
12424,2
12425,6
12426,1
12427,7
12428,3
12429,6
12430,11
12431,4
12432,4
12433,7
12434,1
12435,8
12436,2
12437,11
12438,8
12439,3
12440,9
12441,9
12442,10
12443,7
12444,3
12445,7
12446,7
12447,11
12448,9
12449,8
12450,3
12451,3
12452,2
12453,10
12454,4
12455,4
12456,7
12457,11
12458,7
12459,11
12460,2
12461,6
12462,4
12463,5
12464,1
12465,11
12466,1
12467,9
12468,1
12469,2
12470,1
12471,11
12472,1
12473,10
12474,1
12475,2
12476,11
12477,8
12478,9
12479,7
12480,2
12481,3
12482,7
12483,6
12484,2
12485,3
12486,9
12487,7
12488,10
12489,10
12490,10
12491,5
12492,6
12493,1
12494,7
12495,8
12496,7
12497,2
12498,8
12499,10
12500,9
12501,8
12502,11
12503,11
12504,1
12505,1
12506,3
12507,4
12508,3
12509,8
12510,8
12511,2
12512,8
12513,7
12514,2
12515,8
12516,1
12517,10
12518,3
12519,1
12520,9
12521,9
12522,4
12523,9
12524,6
12525,8
12526,7
12527,8
12528,3
12529,8
12530,2
12531,11
12532,8
12533,10
12534,9
12535,7
12536,8
12537,8
12538,2
12539,7
12540,2
12541,3
12542,9
12543,3
12544,9
12545,11
12546,10
12547,7
12548,2
12549,7
12550,11
12551,9
12552,4
12553,7
12554,2
12555,6
12556,10
12557,9
12558,7
12559,8
12560,8
12561,1
12562,10
12563,9
12564,7
12565,2
12566,3
12567,2
12568,11
12569,4
12570,10
12571,11
12572,10
12573,10
12574,11
12575,2
12576,1
12577,3
12578,7
12579,2
12580,1
12581,7
12582,10
12583,3
12584,8
12585,1
12586,2
12587,10
12588,9
12589,2
12590,3
12591,9
12592,9
12593,10
12594,9
12595,2
12596,9
12597,2
12598,11
12599,1
12600,9
12601,7
12602,2
12603,10
12604,9
12605,11
12606,1
12607,10
12608,7
12609,11
12610,10
12611,1
12612,10
12613,10
12614,3
12615,9
12616,7
12617,8
12618,11
12619,2
12620,2
12621,2
12622,2
12623,8
12624,4
12625,9
12626,10
12627,10
12628,10
12629,1
12630,8
12631,2
12632,9
12633,3
12634,9
12635,2
12636,3
12637,10
12638,3
12639,9
12640,3
12641,2
12642,11
12643,9
12644,7
12645,3
12646,9
12647,7
12648,3
12649,9
12650,4
12651,10
12652,7
12653,9
12654,11
12655,4
12656,3
12657,9
12658,1
12659,10
12660,9
12661,8
12662,10
12663,3
12664,10
12665,8
12666,2
12667,3
12668,9
12669,11
12670,8
12671,2
12672,3
12673,1
12674,8
12675,1
12676,3
12677,2
12678,4
12679,4
12680,8
12681,11
12682,11
12683,3
12684,9
12685,10
12686,1
12687,9
12688,11
12689,1
12690,1
12691,8
12692,6
12693,11
12694,9
12695,7
12696,4
12697,8
12698,3
12699,1
12700,4
12701,7
12702,2
12703,10
12704,7
12705,10
12706,10
12707,1
12708,11
12709,8
12710,9
12711,9
12712,7
12713,2
12714,7
12715,8
12716,8
12717,8
12718,9
12719,9
12720,3
12721,1
12722,9
12723,11
12724,8
12725,2
12726,1
12727,11
12728,9
12729,1
12730,3
12731,10
12732,7
12733,11
12734,10
12735,9
12736,8
12737,10
12738,2
12739,7
12740,2
12741,9
12742,7
12743,10
12744,1
12745,8
12746,4
12747,2
12748,11
12749,7
12750,10
12751,3
12752,10
12753,3
12754,3
12755,9
12756,7
12757,3
12758,2
12759,10
12760,10
12761,10
12762,1
12763,1
12764,2
12765,7
12766,7
12767,4
12768,10
12769,9
12770,9
12771,10
12772,8
12773,10
12774,3
12775,2
12776,9
12777,10
12778,9
12779,9
12780,1
12781,8
12782,4
12783,10
12784,9
12785,5
12786,11
12787,10
12788,8
12789,2
12790,9
12791,4
12792,10
12793,4
12794,1
12795,8
12796,10
12797,1
12798,7
12799,1
12800,1
12801,8
12802,6
12803,1
12804,8
12805,9
12806,3
12807,1
12808,1
12809,3
12810,2
12811,11
12812,2
12813,9
12814,2
12815,1
12816,11
12817,7
12818,2
12819,8
12820,3
12821,9
12822,2
12823,2
12824,1
12825,3
12826,9
12827,1
12828,8
12829,8
12830,2
12831,8
12832,3
12833,7
12834,10
12835,7
12836,1
12837,10
12838,1
12839,10
12840,1
12841,2
12842,3
12843,10
12844,1
12845,7
12846,7
12847,8
12848,10
12849,1
12850,10
12851,8
12852,1
12853,9
12854,2
12855,5
12856,4
12857,7
12858,1
12859,1
12860,1
12861,1
12862,8
12863,10
12864,3
12865,7
12866,10
12867,1
12868,9
12869,4
12870,11
12871,11
12872,1
12873,8
12874,1
12875,10
12876,8
12877,1
12878,8
12879,9
12880,1
12881,1
12882,3
12883,9
12884,11
12885,7
12886,1
12887,10
12888,11
12889,9
12890,9
12891,2
12892,11
12893,7
12894,3
12895,1
12896,10
12897,2
12898,1
12899,4
12900,9
12901,9
12902,4
12903,7
12904,10
12905,7
12906,1
12907,7
12908,3
12909,8
12910,2
12911,10
12912,11
12913,8
12914,3
12915,9
12916,3
12917,9
12918,3
12919,2
12920,9
12921,9
12922,9
12923,8
12924,3
12925,7
12926,3
12927,9
12928,3
12929,2
12930,3
12931,8
12932,2
12933,3
12934,3
12935,8
12936,7
12937,7
12938,6
12939,7
12940,3
12941,3
12942,1
12943,7
12944,3
12945,6
12946,8
12947,2
12948,2
12949,10
12950,3
12951,7
12952,9
12953,8
12954,9
12955,1
12956,2
12957,9
12958,8
12959,2
12960,2
12961,8
12962,6
12963,11
12964,6
12965,4
12966,7
12967,5
12968,7
12969,1
12970,11
12971,6
12972,2
12973,4
12974,11
12975,9
12976,8
12977,2
12978,9
12979,3
12980,7
12981,4
12982,10
12983,1
12984,8
12985,8
12986,9
12987,7
12988,8
12989,7
12990,11
12991,3
12992,11
12993,3
12994,11
12995,8
12996,1
12997,2
12998,3
12999,2
13000,10
13001,9
13002,10
13003,4
13004,2
13005,10
13006,5
13007,3
13008,7
13009,8
13010,1
13011,8
13012,2
13013,4
13014,2
13015,9
13016,10
13017,7
13018,9
13019,9
13020,4
13021,7
13022,2
13023,11
13024,1
13025,7
13026,7
13027,2
13028,1
13029,10
13030,3
13031,2
13032,11
13033,8
13034,1
13035,10
13036,1
13037,3
13038,3
13039,7
13040,11
13041,10
13042,8
13043,3
13044,2
13045,1
13046,2
13047,10
13048,4
13049,1
13050,7
13051,7
13052,11
13053,2
13054,9
13055,11
13056,3
13057,4
13058,11
13059,10
13060,3
13061,4
13062,10
13063,2
13064,1
13065,10
13066,1
13067,9
13068,7
13069,2
13070,2
13071,8
13072,10
13073,4
13074,2
13075,8
13076,9
13077,2
13078,8
13079,4
13080,9
13081,1
13082,6
13083,7
13084,11
13085,8
13086,9
13087,7
13088,11
13089,1
13090,2
13091,3
13092,1
13093,7
13094,1
13095,10
13096,6
13097,9
13098,2
13099,4
13100,2
13101,9
13102,1
13103,9
13104,6
13105,6
13106,7
13107,10
13108,8
13109,2
13110,8
13111,4
13112,6
13113,7
13114,3
13115,8
13116,6
13117,3
13118,2
13119,9
13120,9
13121,2
13122,10
13123,7
13124,11
13125,11
13126,7
13127,3
13128,1
13129,9
13130,8
13131,8
13132,3
13133,9
13134,9
13135,8
13136,2
13137,11
13138,1
13139,2
13140,1
13141,3
13142,4
13143,8
13144,6
13145,10
13146,1
13147,10
13148,10
13149,9
13150,7
13151,3
13152,10
13153,10
13154,10
13155,2
13156,10
13157,1
13158,2
13159,3
13160,7
13161,1
13162,7
13163,7
13164,10
13165,3
13166,2
13167,1
13168,8
13169,8
13170,7
13171,7
13172,8
13173,8
13174,11
13175,2
13176,11
13177,7
13178,11
13179,8
13180,7
13181,10
13182,4
13183,6
13184,1
13185,1
13186,10
13187,4
13188,9
13189,11
13190,1
13191,9
13192,11
13193,10
13194,7
13195,10
13196,2
13197,9
13198,8
13199,11
13200,1
13201,8
13202,3
13203,3
13204,1
13205,9
13206,1
13207,8
13208,9
13209,11
13210,8
13211,7
13212,2
13213,3
13214,7
13215,8
13216,9
13217,9
13218,1
13219,8
13220,7
13221,4
13222,2
13223,3
13224,2
13225,9
13226,2
13227,10
13228,2
13229,4
13230,9
13231,4
13232,1
13233,7
